load_level,ablation_variant,metric,mean,std,count,ci95_low,ci95_high
extreme,full_proposed,generated_tasks,10.497680,0.054063,50,10.482694,10.512666
extreme,full_proposed,completed_tasks,6.073680,0.143127,50,6.034007,6.113353
extreme,full_proposed,attempted_interactions,9.361320,0.161302,50,9.316609,9.406031
extreme,full_proposed,successful_cooperations,6.073680,0.143127,50,6.034007,6.113353
extreme,full_proposed,failed_interactions,3.287640,0.082764,50,3.264699,3.310581
extreme,full_proposed,blocked_privacy_interactions,1.056360,0.168116,50,1.009761,1.102959
extreme,full_proposed,cooperation_rate,0.648772,0.008198,50,0.646499,0.651044
extreme,full_proposed,task_completion_ratio,0.578619,0.013508,50,0.574875,0.582363
extreme,full_proposed,reliability_score,0.582850,0.013713,50,0.579049,0.586651
extreme,full_proposed,resource_efficiency,0.558576,0.012829,50,0.555020,0.562132
extreme,full_proposed,fairness_index,0.924120,0.005557,50,0.922580,0.925660
extreme,full_proposed,trust_stability_index,0.691351,0.006556,50,0.689533,0.693168
extreme,full_proposed,privacy_exposure_risk,0.523161,0.005931,50,0.521517,0.524805
extreme,full_proposed,candidate_privacy_risk,0.583387,0.004025,50,0.582271,0.584503
extreme,full_proposed,accepted_privacy_exposure,0.523161,0.005931,50,0.521517,0.524805
extreme,full_proposed,avg_trust,0.445426,0.008025,50,0.443202,0.447650
extreme,full_proposed,trust_variance,0.077162,0.001639,50,0.076708,0.077617
extreme,full_proposed,avg_preference,0.564138,0.006106,50,0.562445,0.565831
extreme,full_proposed,avg_reciprocity,0.557531,0.015604,50,0.553206,0.561856
extreme,full_proposed,avg_privacy_risk,0.460848,0.011533,50,0.457651,0.464045
extreme,full_proposed,avg_total_utility,0.713812,0.002576,50,0.713098,0.714526
extreme,full_proposed,avg_system_utility,0.696912,0.001744,50,0.696429,0.697396
extreme,full_proposed,avg_social_utility,0.688641,0.005174,50,0.687207,0.690075
extreme,full_proposed,avg_resource_utility,0.977807,0.000098,50,0.977780,0.977834
extreme,full_proposed,avg_privacy_utility,0.476839,0.005931,50,0.475195,0.478483
extreme,full_proposed,avg_incentive_utility,0.748518,0.004793,50,0.747190,0.749847
extreme,full_proposed,energy_consumed,0.094308,0.001620,50,0.093859,0.094757
extreme,full_proposed,bandwidth_consumed,0.456705,0.008114,50,0.454456,0.458954
extreme,full_proposed,compute_consumed,0.608333,0.010550,50,0.605409,0.611258
extreme,full_proposed,throughput_mbps,48.589440,1.145019,50,48.272057,48.906823
extreme,full_proposed,packet_delivery_ratio,0.648772,0.008198,50,0.646499,0.651044
extreme,full_proposed,e2e_delay_ms,96.517390,0.512140,50,96.375432,96.659348
extreme,full_proposed,active_nodes,49.255760,0.166308,50,49.209662,49.301858
high,full_proposed,generated_tasks,6.996680,0.039817,50,6.985643,7.007717
high,full_proposed,completed_tasks,4.850240,0.087167,50,4.826078,4.874402
high,full_proposed,attempted_interactions,6.653880,0.075726,50,6.632890,6.674870
high,full_proposed,successful_cooperations,4.850240,0.087167,50,4.826078,4.874402
high,full_proposed,failed_interactions,1.803640,0.060615,50,1.786838,1.820442
high,full_proposed,blocked_privacy_interactions,0.342440,0.071945,50,0.322498,0.362382
high,full_proposed,cooperation_rate,0.729103,0.009285,50,0.726529,0.731676
high,full_proposed,task_completion_ratio,0.693255,0.012759,50,0.689718,0.696791
high,full_proposed,reliability_score,0.693295,0.012753,50,0.689760,0.696830
high,full_proposed,resource_efficiency,0.672517,0.012273,50,0.669115,0.675919
high,full_proposed,fairness_index,0.868703,0.013043,50,0.865088,0.872318
high,full_proposed,trust_stability_index,0.701599,0.005205,50,0.700156,0.703042
high,full_proposed,privacy_exposure_risk,0.466452,0.005530,50,0.464919,0.467985
high,full_proposed,candidate_privacy_risk,0.537371,0.004580,50,0.536101,0.538640
high,full_proposed,accepted_privacy_exposure,0.466452,0.005530,50,0.464919,0.467985
high,full_proposed,avg_trust,0.481109,0.007114,50,0.479137,0.483081
high,full_proposed,trust_variance,0.074600,0.001301,50,0.074240,0.074961
high,full_proposed,avg_preference,0.581603,0.005611,50,0.580048,0.583159
high,full_proposed,avg_reciprocity,0.597380,0.016531,50,0.592798,0.601963
high,full_proposed,avg_privacy_risk,0.440323,0.007149,50,0.438341,0.442304
high,full_proposed,avg_total_utility,0.755561,0.002627,50,0.754833,0.756289
high,full_proposed,avg_system_utility,0.750781,0.001900,50,0.750255,0.751308
high,full_proposed,avg_social_utility,0.733514,0.005146,50,0.732087,0.734940
high,full_proposed,avg_resource_utility,0.981832,0.000093,50,0.981806,0.981858
high,full_proposed,avg_privacy_utility,0.533548,0.005530,50,0.532015,0.535081
high,full_proposed,avg_incentive_utility,0.788667,0.003935,50,0.787577,0.789758
high,full_proposed,energy_consumed,0.061521,0.000745,50,0.061314,0.061728
high,full_proposed,bandwidth_consumed,0.260962,0.003489,50,0.259995,0.261929
high,full_proposed,compute_consumed,0.348567,0.004303,50,0.347374,0.349759
high,full_proposed,throughput_mbps,38.801920,0.697339,50,38.608628,38.995212
high,full_proposed,packet_delivery_ratio,0.729103,0.009285,50,0.726529,0.731676
high,full_proposed,e2e_delay_ms,96.557771,0.637468,50,96.381074,96.734469
high,full_proposed,active_nodes,49.997120,0.005968,50,49.995466,49.998774
low,full_proposed,generated_tasks,1.497040,0.020188,50,1.491444,1.502636
low,full_proposed,completed_tasks,1.227800,0.032777,50,1.218715,1.236885
low,full_proposed,attempted_interactions,1.496640,0.020225,50,1.491034,1.502246
low,full_proposed,successful_cooperations,1.227800,0.032777,50,1.218715,1.236885
low,full_proposed,failed_interactions,0.268840,0.025376,50,0.261806,0.275874
low,full_proposed,blocked_privacy_interactions,0.000400,0.000808,50,0.000176,0.000624
low,full_proposed,cooperation_rate,0.820420,0.018748,50,0.815223,0.825617
low,full_proposed,task_completion_ratio,0.820340,0.018771,50,0.815137,0.825543
low,full_proposed,reliability_score,0.820340,0.018771,50,0.815137,0.825543
low,full_proposed,resource_efficiency,0.804787,0.018403,50,0.799686,0.809888
low,full_proposed,fairness_index,0.748163,0.022846,50,0.741830,0.754496
low,full_proposed,trust_stability_index,0.795724,0.005418,50,0.794223,0.797226
low,full_proposed,privacy_exposure_risk,0.319405,0.005201,50,0.317964,0.320847
low,full_proposed,candidate_privacy_risk,0.373971,0.007187,50,0.371979,0.375963
low,full_proposed,accepted_privacy_exposure,0.319405,0.005201,50,0.317964,0.320847
low,full_proposed,avg_trust,0.575539,0.008617,50,0.573150,0.577927
low,full_proposed,trust_variance,0.051069,0.001354,50,0.050694,0.051444
low,full_proposed,avg_preference,0.611689,0.007415,50,0.609634,0.613744
low,full_proposed,avg_reciprocity,0.648559,0.018370,50,0.643467,0.653651
low,full_proposed,avg_privacy_risk,0.319366,0.005229,50,0.317917,0.320816
low,full_proposed,avg_total_utility,0.803602,0.003168,50,0.802724,0.804481
low,full_proposed,avg_system_utility,0.815909,0.001965,50,0.815365,0.816454
low,full_proposed,avg_social_utility,0.746978,0.006817,50,0.745088,0.748867
low,full_proposed,avg_resource_utility,0.988712,0.000558,50,0.988557,0.988866
low,full_proposed,avg_privacy_utility,0.680435,0.005203,50,0.678993,0.681877
low,full_proposed,avg_incentive_utility,0.796649,0.005866,50,0.795023,0.798275
low,full_proposed,energy_consumed,0.010683,0.000195,50,0.010629,0.010737
low,full_proposed,bandwidth_consumed,0.034469,0.000589,50,0.034306,0.034632
low,full_proposed,compute_consumed,0.046116,0.000932,50,0.045857,0.046374
low,full_proposed,throughput_mbps,9.822400,0.262215,50,9.749718,9.895082
low,full_proposed,packet_delivery_ratio,0.820420,0.018748,50,0.815223,0.825617
low,full_proposed,e2e_delay_ms,86.212258,1.817818,50,85.708384,86.716131
low,full_proposed,active_nodes,50.000000,0.000000,50,50.000000,50.000000
medium,full_proposed,generated_tasks,4.000400,0.037108,50,3.990114,4.010686
medium,full_proposed,completed_tasks,3.098880,0.044462,50,3.086556,3.111204
medium,full_proposed,attempted_interactions,3.968120,0.038852,50,3.957351,3.978889
medium,full_proposed,successful_cooperations,3.098880,0.044462,50,3.086556,3.111204
medium,full_proposed,failed_interactions,0.869240,0.038362,50,0.858607,0.879873
medium,full_proposed,blocked_privacy_interactions,0.032280,0.013862,50,0.028438,0.036122
medium,full_proposed,cooperation_rate,0.780977,0.009342,50,0.778388,0.783567
medium,full_proposed,task_completion_ratio,0.774724,0.010234,50,0.771887,0.777561
medium,full_proposed,reliability_score,0.774724,0.010234,50,0.771887,0.777561
medium,full_proposed,resource_efficiency,0.755567,0.009936,50,0.752813,0.758321
medium,full_proposed,fairness_index,0.830322,0.012804,50,0.826773,0.833871
medium,full_proposed,trust_stability_index,0.722678,0.005450,50,0.721167,0.724188
medium,full_proposed,privacy_exposure_risk,0.395248,0.005994,50,0.393587,0.396910
medium,full_proposed,candidate_privacy_risk,0.459223,0.006069,50,0.457541,0.460905
medium,full_proposed,accepted_privacy_exposure,0.395248,0.005994,50,0.393587,0.396910
medium,full_proposed,avg_trust,0.530027,0.008768,50,0.527597,0.532458
medium,full_proposed,trust_variance,0.069331,0.001362,50,0.068953,0.069708
medium,full_proposed,avg_preference,0.601579,0.007320,50,0.599550,0.603608
medium,full_proposed,avg_reciprocity,0.624674,0.017519,50,0.619818,0.629530
medium,full_proposed,avg_privacy_risk,0.391646,0.005524,50,0.390115,0.393177
medium,full_proposed,avg_total_utility,0.786825,0.002889,50,0.786024,0.787625
medium,full_proposed,avg_system_utility,0.788082,0.001674,50,0.787618,0.788546
medium,full_proposed,avg_social_utility,0.757035,0.005572,50,0.755490,0.758579
medium,full_proposed,avg_resource_utility,0.985456,0.000081,50,0.985433,0.985478
medium,full_proposed,avg_privacy_utility,0.604752,0.005994,50,0.603090,0.606413
medium,full_proposed,avg_incentive_utility,0.807890,0.004348,50,0.806685,0.809095
medium,full_proposed,energy_consumed,0.033301,0.000400,50,0.033190,0.033412
medium,full_proposed,bandwidth_consumed,0.122044,0.001568,50,0.121610,0.122479
medium,full_proposed,compute_consumed,0.162850,0.002231,50,0.162232,0.163469
medium,full_proposed,throughput_mbps,24.791040,0.355694,50,24.692447,24.889633
medium,full_proposed,packet_delivery_ratio,0.780977,0.009342,50,0.778388,0.783567
medium,full_proposed,e2e_delay_ms,96.226864,0.737041,50,96.022567,96.431162
medium,full_proposed,active_nodes,50.000000,0.000000,50,50.000000,50.000000
extreme,without_incentive,generated_tasks,10.493640,0.046677,50,10.480702,10.506578
extreme,without_incentive,completed_tasks,5.992600,0.127329,50,5.957306,6.027894
extreme,without_incentive,attempted_interactions,9.204080,0.172420,50,9.156287,9.251873
extreme,without_incentive,successful_cooperations,5.992600,0.127329,50,5.957306,6.027894
extreme,without_incentive,failed_interactions,3.211480,0.095938,50,3.184887,3.238073
extreme,without_incentive,blocked_privacy_interactions,1.205480,0.175204,50,1.156916,1.254044
extreme,without_incentive,cooperation_rate,0.651203,0.007605,50,0.649096,0.653311
extreme,without_incentive,task_completion_ratio,0.571062,0.012029,50,0.567728,0.574397
extreme,without_incentive,reliability_score,0.575516,0.012399,50,0.572080,0.578953
extreme,without_incentive,resource_efficiency,0.551544,0.011405,50,0.548383,0.554706
extreme,without_incentive,fairness_index,0.926624,0.006140,50,0.924923,0.928326
extreme,without_incentive,trust_stability_index,0.696532,0.009541,50,0.693887,0.699176
extreme,without_incentive,privacy_exposure_risk,0.528688,0.007607,50,0.526579,0.530796
extreme,without_incentive,candidate_privacy_risk,0.590025,0.004912,50,0.588664,0.591386
extreme,without_incentive,accepted_privacy_exposure,0.528688,0.007607,50,0.526579,0.530796
extreme,without_incentive,avg_trust,0.437797,0.009535,50,0.435154,0.440440
extreme,without_incentive,trust_variance,0.075867,0.002385,50,0.075206,0.076528
extreme,without_incentive,avg_preference,0.562449,0.006432,50,0.560666,0.564232
extreme,without_incentive,avg_reciprocity,0.579189,0.012006,50,0.575861,0.582517
extreme,without_incentive,avg_privacy_risk,0.457351,0.012724,50,0.453824,0.460878
extreme,without_incentive,avg_total_utility,0.670911,0.001755,50,0.670425,0.671398
extreme,without_incentive,avg_system_utility,0.698275,0.002023,50,0.697714,0.698836
extreme,without_incentive,avg_social_utility,0.684426,0.004140,50,0.683278,0.685573
extreme,without_incentive,avg_resource_utility,0.977796,0.000089,50,0.977772,0.977821
extreme,without_incentive,avg_privacy_utility,0.471312,0.007607,50,0.469204,0.473421
extreme,without_incentive,avg_incentive_utility,0.500000,0.000000,50,0.500000,0.500000
extreme,without_incentive,energy_consumed,0.092776,0.001767,50,0.092286,0.093266
extreme,without_incentive,bandwidth_consumed,0.449432,0.008103,50,0.447186,0.451678
extreme,without_incentive,compute_consumed,0.598152,0.011875,50,0.594861,0.601444
extreme,without_incentive,throughput_mbps,47.940800,1.018635,50,47.658449,48.223151
extreme,without_incentive,packet_delivery_ratio,0.651203,0.007605,50,0.649096,0.653311
extreme,without_incentive,e2e_delay_ms,96.322924,0.492839,50,96.186316,96.459533
extreme,without_incentive,active_nodes,49.247240,0.229272,50,49.183689,49.310791
high,without_incentive,generated_tasks,6.997440,0.037090,50,6.987159,7.007721
high,without_incentive,completed_tasks,4.789480,0.081743,50,4.766822,4.812138
high,without_incentive,attempted_interactions,6.593400,0.084532,50,6.569969,6.616831
high,without_incentive,successful_cooperations,4.789480,0.081743,50,4.766822,4.812138
high,without_incentive,failed_interactions,1.803920,0.059287,50,1.787487,1.820353
high,without_incentive,blocked_privacy_interactions,0.403360,0.077328,50,0.381926,0.424794
high,without_incentive,cooperation_rate,0.726254,0.008391,50,0.723928,0.728580
high,without_incentive,task_completion_ratio,0.684456,0.011555,50,0.681253,0.687659
high,without_incentive,reliability_score,0.684517,0.011521,50,0.681324,0.687711
high,without_incentive,resource_efficiency,0.664131,0.011107,50,0.661053,0.667210
high,without_incentive,fairness_index,0.864847,0.013864,50,0.861004,0.868690
high,without_incentive,trust_stability_index,0.703737,0.005892,50,0.702104,0.705370
high,without_incentive,privacy_exposure_risk,0.472620,0.006140,50,0.470918,0.474322
high,without_incentive,candidate_privacy_risk,0.545937,0.003760,50,0.544895,0.546979
high,without_incentive,accepted_privacy_exposure,0.472620,0.006140,50,0.470918,0.474322
high,without_incentive,avg_trust,0.474716,0.008067,50,0.472480,0.476952
high,without_incentive,trust_variance,0.074066,0.001473,50,0.073657,0.074474
high,without_incentive,avg_preference,0.579892,0.005496,50,0.578368,0.581416
high,without_incentive,avg_reciprocity,0.614459,0.013920,50,0.610600,0.618317
high,without_incentive,avg_privacy_risk,0.441435,0.007879,50,0.439251,0.443619
high,without_incentive,avg_total_utility,0.704691,0.001998,50,0.704137,0.705245
high,without_incentive,avg_system_utility,0.749817,0.001733,50,0.749336,0.750297
high,without_incentive,avg_social_utility,0.726921,0.005126,50,0.725500,0.728342
high,without_incentive,avg_resource_utility,0.981841,0.000089,50,0.981817,0.981866
high,without_incentive,avg_privacy_utility,0.527380,0.006140,50,0.525678,0.529082
high,without_incentive,avg_incentive_utility,0.500000,0.000000,50,0.500000,0.500000
high,without_incentive,energy_consumed,0.060909,0.000820,50,0.060681,0.061136
high,without_incentive,bandwidth_consumed,0.258632,0.003534,50,0.257653,0.259612
high,without_incentive,compute_consumed,0.345107,0.004661,50,0.343815,0.346399
high,without_incentive,throughput_mbps,38.315840,0.653944,50,38.134576,38.497104
high,without_incentive,packet_delivery_ratio,0.726254,0.008391,50,0.723928,0.728580
high,without_incentive,e2e_delay_ms,96.382024,0.606285,50,96.213971,96.550078
high,without_incentive,active_nodes,49.992960,0.011294,50,49.989830,49.996090
low,without_incentive,generated_tasks,1.494960,0.020656,50,1.489235,1.500685
low,without_incentive,completed_tasks,1.226640,0.030255,50,1.218254,1.235026
low,without_incentive,attempted_interactions,1.494440,0.020750,50,1.488688,1.500192
low,without_incentive,successful_cooperations,1.226640,0.030255,50,1.218254,1.235026
low,without_incentive,failed_interactions,0.267800,0.021179,50,0.261930,0.273670
low,without_incentive,blocked_privacy_interactions,0.000520,0.000974,50,0.000250,0.000790
low,without_incentive,cooperation_rate,0.821580,0.016321,50,0.817056,0.826104
low,without_incentive,task_completion_ratio,0.821420,0.016302,50,0.816901,0.825939
low,without_incentive,reliability_score,0.821420,0.016302,50,0.816901,0.825939
low,without_incentive,resource_efficiency,0.805833,0.015982,50,0.801403,0.810263
low,without_incentive,fairness_index,0.737130,0.025420,50,0.730084,0.744176
low,without_incentive,trust_stability_index,0.796364,0.005351,50,0.794881,0.797848
low,without_incentive,privacy_exposure_risk,0.319184,0.006477,50,0.317389,0.320980
low,without_incentive,candidate_privacy_risk,0.379979,0.008711,50,0.377564,0.382393
low,without_incentive,accepted_privacy_exposure,0.319184,0.006477,50,0.317389,0.320980
low,without_incentive,avg_trust,0.574684,0.006840,50,0.572788,0.576580
low,without_incentive,trust_variance,0.050909,0.001338,50,0.050538,0.051280
low,without_incentive,avg_preference,0.610229,0.005527,50,0.608698,0.611761
low,without_incentive,avg_reciprocity,0.652806,0.014063,50,0.648908,0.656705
low,without_incentive,avg_privacy_risk,0.319128,0.006474,50,0.317334,0.320923
low,without_incentive,avg_total_utility,0.753401,0.002888,50,0.752600,0.754201
low,without_incentive,avg_system_utility,0.815662,0.002175,50,0.815059,0.816265
low,without_incentive,avg_social_utility,0.743768,0.007918,50,0.741573,0.745962
low,without_incentive,avg_resource_utility,0.988701,0.000561,50,0.988546,0.988857
low,without_incentive,avg_privacy_utility,0.680656,0.006440,50,0.678871,0.682441
low,without_incentive,avg_incentive_utility,0.499920,0.000274,50,0.499844,0.499996
low,without_incentive,energy_consumed,0.010670,0.000192,50,0.010617,0.010724
low,without_incentive,bandwidth_consumed,0.034475,0.000572,50,0.034317,0.034634
low,without_incentive,compute_consumed,0.046094,0.000969,50,0.045826,0.046363
low,without_incentive,throughput_mbps,9.813120,0.242036,50,9.746031,9.880209
low,without_incentive,packet_delivery_ratio,0.821580,0.016321,50,0.817056,0.826104
low,without_incentive,e2e_delay_ms,86.246972,1.767396,50,85.757075,86.736870
low,without_incentive,active_nodes,50.000000,0.000000,50,50.000000,50.000000
medium,without_incentive,generated_tasks,4.008240,0.033616,50,3.998922,4.017558
medium,without_incentive,completed_tasks,3.105440,0.043586,50,3.093359,3.117521
medium,without_incentive,attempted_interactions,3.970120,0.030990,50,3.961530,3.978710
medium,without_incentive,successful_cooperations,3.105440,0.043586,50,3.093359,3.117521
medium,without_incentive,failed_interactions,0.864680,0.035531,50,0.854831,0.874529
medium,without_incentive,blocked_privacy_interactions,0.038120,0.015277,50,0.033886,0.042354
medium,without_incentive,cooperation_rate,0.782325,0.008806,50,0.779884,0.784766
medium,without_incentive,task_completion_ratio,0.774781,0.009525,50,0.772140,0.777421
medium,without_incentive,reliability_score,0.774781,0.009525,50,0.772140,0.777421
medium,without_incentive,resource_efficiency,0.755663,0.009268,50,0.753094,0.758232
medium,without_incentive,fairness_index,0.818897,0.015727,50,0.814538,0.823256
medium,without_incentive,trust_stability_index,0.721744,0.005757,50,0.720148,0.723339
medium,without_incentive,privacy_exposure_risk,0.394131,0.006956,50,0.392203,0.396059
medium,without_incentive,candidate_privacy_risk,0.463703,0.006427,50,0.461922,0.465484
medium,without_incentive,accepted_privacy_exposure,0.394131,0.006956,50,0.392203,0.396059
medium,without_incentive,avg_trust,0.530020,0.006922,50,0.528101,0.531939
medium,without_incentive,trust_variance,0.069564,0.001439,50,0.069165,0.069963
medium,without_incentive,avg_preference,0.601885,0.005513,50,0.600357,0.603413
medium,without_incentive,avg_reciprocity,0.637621,0.014250,50,0.633671,0.641570
medium,without_incentive,avg_privacy_risk,0.389973,0.007002,50,0.388032,0.391913
medium,without_incentive,avg_total_utility,0.734994,0.002637,50,0.734263,0.735725
medium,without_incentive,avg_system_utility,0.788026,0.001655,50,0.787567,0.788484
medium,without_incentive,avg_social_utility,0.754016,0.006008,50,0.752350,0.755681
medium,without_incentive,avg_resource_utility,0.985425,0.000283,50,0.985346,0.985503
medium,without_incentive,avg_privacy_utility,0.605829,0.006950,50,0.603903,0.607755
medium,without_incentive,avg_incentive_utility,0.499980,0.000141,50,0.499941,0.500019
medium,without_incentive,energy_consumed,0.033322,0.000324,50,0.033233,0.033412
medium,without_incentive,bandwidth_consumed,0.122149,0.001342,50,0.121777,0.122521
medium,without_incentive,compute_consumed,0.162595,0.001378,50,0.162213,0.162977
medium,without_incentive,throughput_mbps,24.843520,0.348690,50,24.746868,24.940172
medium,without_incentive,packet_delivery_ratio,0.782325,0.008806,50,0.779884,0.784766
medium,without_incentive,e2e_delay_ms,96.039322,0.688087,50,95.848594,96.230050
medium,without_incentive,active_nodes,50.000000,0.000000,50,50.000000,50.000000
extreme,without_preference,generated_tasks,10.503000,0.048893,50,10.489447,10.516553
extreme,without_preference,completed_tasks,6.048080,0.144314,50,6.008078,6.088082
extreme,without_preference,attempted_interactions,9.424720,0.175751,50,9.376004,9.473436
extreme,without_preference,successful_cooperations,6.048080,0.144314,50,6.008078,6.088082
extreme,without_preference,failed_interactions,3.376640,0.090620,50,3.351521,3.401759
extreme,without_preference,blocked_privacy_interactions,1.002400,0.176769,50,0.953402,1.051398
extreme,without_preference,cooperation_rate,0.641572,0.008233,50,0.639290,0.643854
extreme,without_preference,task_completion_ratio,0.575823,0.013944,50,0.571958,0.579688
extreme,without_preference,reliability_score,0.579819,0.014323,50,0.575849,0.583789
extreme,without_preference,resource_efficiency,0.555766,0.013232,50,0.552098,0.559434
extreme,without_preference,fairness_index,0.925715,0.006577,50,0.923892,0.927538
extreme,without_preference,trust_stability_index,0.692606,0.007880,50,0.690422,0.694790
extreme,without_preference,privacy_exposure_risk,0.521029,0.006380,50,0.519261,0.522797
extreme,without_preference,candidate_privacy_risk,0.580899,0.005377,50,0.579408,0.582389
extreme,without_preference,accepted_privacy_exposure,0.521029,0.006380,50,0.519261,0.522797
extreme,without_preference,avg_trust,0.445209,0.009108,50,0.442684,0.447733
extreme,without_preference,trust_variance,0.076848,0.001970,50,0.076302,0.077395
extreme,without_preference,avg_preference,0.562509,0.007553,50,0.560415,0.564602
extreme,without_preference,avg_reciprocity,0.547894,0.015960,50,0.543470,0.552318
extreme,without_preference,avg_privacy_risk,0.462039,0.010942,50,0.459006,0.465072
extreme,without_preference,avg_total_utility,0.667873,0.002452,50,0.667194,0.668553
extreme,without_preference,avg_system_utility,0.692885,0.002127,50,0.692295,0.693474
extreme,without_preference,avg_social_utility,0.486178,0.004226,50,0.485006,0.487349
extreme,without_preference,avg_resource_utility,0.977798,0.000116,50,0.977766,0.977830
extreme,without_preference,avg_privacy_utility,0.478971,0.006380,50,0.477203,0.480739
extreme,without_preference,avg_incentive_utility,0.747427,0.004293,50,0.746237,0.748617
extreme,without_preference,energy_consumed,0.095026,0.001793,50,0.094529,0.095523
extreme,without_preference,bandwidth_consumed,0.459687,0.008727,50,0.457268,0.462106
extreme,without_preference,compute_consumed,0.613118,0.012283,50,0.609713,0.616523
extreme,without_preference,throughput_mbps,48.384640,1.154514,50,48.064625,48.704655
extreme,without_preference,packet_delivery_ratio,0.641572,0.008233,50,0.639290,0.643854
extreme,without_preference,e2e_delay_ms,96.333025,0.503437,50,96.193479,96.472570
extreme,without_preference,active_nodes,49.313440,0.160064,50,49.269072,49.357808
high,without_preference,generated_tasks,7.002480,0.036999,50,6.992224,7.012736
high,without_preference,completed_tasks,4.831640,0.088429,50,4.807129,4.856151
high,without_preference,attempted_interactions,6.680360,0.075853,50,6.659334,6.701386
high,without_preference,successful_cooperations,4.831640,0.088429,50,4.807129,4.856151
high,without_preference,failed_interactions,1.848720,0.066758,50,1.830216,1.867224
high,without_preference,blocked_privacy_interactions,0.321960,0.066295,50,0.303584,0.340336
high,without_preference,cooperation_rate,0.723417,0.009925,50,0.720665,0.726168
high,without_preference,task_completion_ratio,0.689970,0.012178,50,0.686594,0.693345
high,without_preference,reliability_score,0.689987,0.012176,50,0.686612,0.693362
high,without_preference,resource_efficiency,0.669296,0.011717,50,0.666048,0.672543
high,without_preference,fairness_index,0.868870,0.012029,50,0.865536,0.872204
high,without_preference,trust_stability_index,0.701528,0.005653,50,0.699961,0.703095
high,without_preference,privacy_exposure_risk,0.466802,0.006826,50,0.464909,0.468694
high,without_preference,candidate_privacy_risk,0.536583,0.004361,50,0.535374,0.537792
high,without_preference,accepted_privacy_exposure,0.466802,0.006826,50,0.464909,0.468694
high,without_preference,avg_trust,0.480682,0.008006,50,0.478462,0.482901
high,without_preference,trust_variance,0.074618,0.001413,50,0.074226,0.075010
high,without_preference,avg_preference,0.580874,0.005893,50,0.579240,0.582507
high,without_preference,avg_reciprocity,0.589163,0.015017,50,0.585001,0.593325
high,without_preference,avg_privacy_risk,0.442319,0.008839,50,0.439869,0.444770
high,without_preference,avg_total_utility,0.707263,0.002780,50,0.706492,0.708033
high,without_preference,avg_system_utility,0.747246,0.001633,50,0.746793,0.747699
high,without_preference,avg_social_utility,0.521435,0.004509,50,0.520185,0.522685
high,without_preference,avg_resource_utility,0.981839,0.000094,50,0.981813,0.981865
high,without_preference,avg_privacy_utility,0.533198,0.006826,50,0.531306,0.535091
high,without_preference,avg_incentive_utility,0.787883,0.004559,50,0.786619,0.789147
high,without_preference,energy_consumed,0.061705,0.000777,50,0.061490,0.061921
high,without_preference,bandwidth_consumed,0.262111,0.003473,50,0.261149,0.263074
high,without_preference,compute_consumed,0.349609,0.005039,50,0.348212,0.351005
high,without_preference,throughput_mbps,38.653120,0.707433,50,38.457030,38.849210
high,without_preference,packet_delivery_ratio,0.723417,0.009925,50,0.720665,0.726168
high,without_preference,e2e_delay_ms,96.466377,0.605631,50,96.298505,96.634249
high,without_preference,active_nodes,49.997880,0.004148,50,49.996730,49.999030
low,without_preference,generated_tasks,1.497520,0.018903,50,1.492280,1.502760
low,without_preference,completed_tasks,1.221120,0.031294,50,1.212446,1.229794
low,without_preference,attempted_interactions,1.497000,0.018975,50,1.491740,1.502260
low,without_preference,successful_cooperations,1.221120,0.031294,50,1.212446,1.229794
low,without_preference,failed_interactions,0.275880,0.023409,50,0.269391,0.282369
low,without_preference,blocked_privacy_interactions,0.000520,0.001129,50,0.000207,0.000833
low,without_preference,cooperation_rate,0.816460,0.017444,50,0.811625,0.821295
low,without_preference,task_completion_ratio,0.816340,0.017400,50,0.811517,0.821163
low,without_preference,reliability_score,0.816340,0.017400,50,0.811517,0.821163
low,without_preference,resource_efficiency,0.800860,0.017037,50,0.796138,0.805582
low,without_preference,fairness_index,0.748435,0.024401,50,0.741671,0.755198
low,without_preference,trust_stability_index,0.794876,0.005669,50,0.793305,0.796447
low,without_preference,privacy_exposure_risk,0.320472,0.006548,50,0.318657,0.322287
low,without_preference,candidate_privacy_risk,0.373883,0.008974,50,0.371395,0.376370
low,without_preference,accepted_privacy_exposure,0.320472,0.006548,50,0.318657,0.322287
low,without_preference,avg_trust,0.574475,0.007841,50,0.572301,0.576648
low,without_preference,trust_variance,0.051281,0.001417,50,0.050888,0.051674
low,without_preference,avg_preference,0.610772,0.006731,50,0.608907,0.612638
low,without_preference,avg_reciprocity,0.644359,0.018308,50,0.639285,0.649434
low,without_preference,avg_privacy_risk,0.320422,0.006606,50,0.318590,0.322253
low,without_preference,avg_total_utility,0.753322,0.003232,50,0.752426,0.754217
low,without_preference,avg_system_utility,0.812622,0.002096,50,0.812041,0.813203
low,without_preference,avg_social_utility,0.526640,0.005629,50,0.525080,0.528200
low,without_preference,avg_resource_utility,0.988667,0.000617,50,0.988496,0.988838
low,without_preference,avg_privacy_utility,0.679328,0.006660,50,0.677482,0.681174
low,without_preference,avg_incentive_utility,0.795378,0.006064,50,0.793698,0.797059
low,without_preference,energy_consumed,0.010680,0.000185,50,0.010629,0.010731
low,without_preference,bandwidth_consumed,0.034523,0.000611,50,0.034354,0.034692
low,without_preference,compute_consumed,0.046130,0.000918,50,0.045875,0.046384
low,without_preference,throughput_mbps,9.768960,0.250349,50,9.699567,9.838353
low,without_preference,packet_delivery_ratio,0.816460,0.017444,50,0.811625,0.821295
low,without_preference,e2e_delay_ms,85.807459,1.748582,50,85.322776,86.292141
low,without_preference,active_nodes,50.000000,0.000000,50,50.000000,50.000000
medium,without_preference,generated_tasks,4.007000,0.040314,50,3.995826,4.018174
medium,without_preference,completed_tasks,3.092480,0.059198,50,3.076071,3.108889
medium,without_preference,attempted_interactions,3.976520,0.043279,50,3.964524,3.988516
medium,without_preference,successful_cooperations,3.092480,0.059198,50,3.076071,3.108889
medium,without_preference,failed_interactions,0.884040,0.046083,50,0.871266,0.896814
medium,without_preference,blocked_privacy_interactions,0.030480,0.014232,50,0.026535,0.034425
medium,without_preference,cooperation_rate,0.777869,0.011657,50,0.774637,0.781100
medium,without_preference,task_completion_ratio,0.771953,0.012697,50,0.768434,0.775473
medium,without_preference,reliability_score,0.771953,0.012697,50,0.768434,0.775473
medium,without_preference,resource_efficiency,0.752846,0.012357,50,0.749421,0.756271
medium,without_preference,fairness_index,0.832862,0.015267,50,0.828630,0.837093
medium,without_preference,trust_stability_index,0.720770,0.005229,50,0.719321,0.722220
medium,without_preference,privacy_exposure_risk,0.392944,0.005728,50,0.391357,0.394532
medium,without_preference,candidate_privacy_risk,0.456439,0.006926,50,0.454519,0.458358
medium,without_preference,accepted_privacy_exposure,0.392944,0.005728,50,0.391357,0.394532
medium,without_preference,avg_trust,0.531400,0.007869,50,0.529218,0.533581
medium,without_preference,trust_variance,0.069807,0.001307,50,0.069445,0.070170
medium,without_preference,avg_preference,0.602556,0.006423,50,0.600776,0.604336
medium,without_preference,avg_reciprocity,0.620102,0.017007,50,0.615388,0.624816
medium,without_preference,avg_privacy_risk,0.389566,0.005382,50,0.388075,0.391058
medium,without_preference,avg_total_utility,0.737729,0.002964,50,0.736907,0.738550
medium,without_preference,avg_system_utility,0.784525,0.001676,50,0.784060,0.784989
medium,without_preference,avg_social_utility,0.539054,0.004826,50,0.537716,0.540391
medium,without_preference,avg_resource_utility,0.985440,0.000104,50,0.985411,0.985469
medium,without_preference,avg_privacy_utility,0.607056,0.005728,50,0.605468,0.608643
medium,without_preference,avg_incentive_utility,0.807596,0.004911,50,0.806235,0.808957
medium,without_preference,energy_consumed,0.033418,0.000444,50,0.033295,0.033541
medium,without_preference,bandwidth_consumed,0.122537,0.001667,50,0.122075,0.122999
medium,without_preference,compute_consumed,0.163180,0.002321,50,0.162537,0.163823
medium,without_preference,throughput_mbps,24.739840,0.473585,50,24.608569,24.871111
medium,without_preference,packet_delivery_ratio,0.777869,0.011657,50,0.774637,0.781100
medium,without_preference,e2e_delay_ms,95.975024,0.666146,50,95.790378,96.159670
medium,without_preference,active_nodes,50.000000,0.000000,50,50.000000,50.000000
extreme,without_privacy_gate,generated_tasks,10.500320,0.050620,50,10.486289,10.514351
extreme,without_privacy_gate,completed_tasks,6.702560,0.077524,50,6.681071,6.724049
extreme,without_privacy_gate,attempted_interactions,10.406400,0.048518,50,10.392952,10.419848
extreme,without_privacy_gate,successful_cooperations,6.702560,0.077524,50,6.681071,6.724049
extreme,without_privacy_gate,failed_interactions,3.703840,0.079005,50,3.681941,3.725739
extreme,without_privacy_gate,blocked_privacy_interactions,0.000000,0.000000,50,0.000000,0.000000
extreme,without_privacy_gate,cooperation_rate,0.643950,0.007295,50,0.641927,0.645972
extreme,without_privacy_gate,task_completion_ratio,0.638385,0.007448,50,0.636321,0.640450
extreme,without_privacy_gate,reliability_score,0.643950,0.007295,50,0.641927,0.645972
extreme,without_privacy_gate,resource_efficiency,0.614201,0.007154,50,0.612218,0.616184
extreme,without_privacy_gate,fairness_index,0.931160,0.005861,50,0.929536,0.932785
extreme,without_privacy_gate,trust_stability_index,0.700283,0.007074,50,0.698322,0.702244
extreme,without_privacy_gate,privacy_exposure_risk,0.552818,0.005993,50,0.551157,0.554479
extreme,without_privacy_gate,candidate_privacy_risk,0.582739,0.004950,50,0.581367,0.584111
extreme,without_privacy_gate,accepted_privacy_exposure,0.552818,0.005993,50,0.551157,0.554479
extreme,without_privacy_gate,avg_trust,0.434282,0.007489,50,0.432206,0.436358
extreme,without_privacy_gate,trust_variance,0.074929,0.001769,50,0.074439,0.075419
extreme,without_privacy_gate,avg_preference,0.556328,0.006031,50,0.554656,0.557999
extreme,without_privacy_gate,avg_reciprocity,0.539637,0.014660,50,0.535573,0.543700
extreme,without_privacy_gate,avg_privacy_risk,0.547502,0.006372,50,0.545736,0.549268
extreme,without_privacy_gate,avg_total_utility,0.709735,0.002428,50,0.709062,0.710408
extreme,without_privacy_gate,avg_system_utility,0.692649,0.001707,50,0.692176,0.693122
extreme,without_privacy_gate,avg_social_utility,0.692801,0.004108,50,0.691662,0.693940
extreme,without_privacy_gate,avg_resource_utility,0.977783,0.000100,50,0.977755,0.977810
extreme,without_privacy_gate,avg_privacy_utility,0.447182,0.005993,50,0.445521,0.448843
extreme,without_privacy_gate,avg_incentive_utility,0.755294,0.003386,50,0.754355,0.756232
extreme,without_privacy_gate,energy_consumed,0.104992,0.000671,50,0.104807,0.105178
extreme,without_privacy_gate,bandwidth_consumed,0.507994,0.003905,50,0.506911,0.509076
extreme,without_privacy_gate,compute_consumed,0.677345,0.004966,50,0.675969,0.678722
extreme,without_privacy_gate,throughput_mbps,53.620480,0.620192,50,53.448572,53.792388
extreme,without_privacy_gate,packet_delivery_ratio,0.643950,0.007295,50,0.641927,0.645972
extreme,without_privacy_gate,e2e_delay_ms,96.550188,0.506647,50,96.409753,96.690624
extreme,without_privacy_gate,active_nodes,49.144240,0.166006,50,49.098225,49.190255
high,without_privacy_gate,generated_tasks,7.005680,0.034538,50,6.996107,7.015253
high,without_privacy_gate,completed_tasks,5.103960,0.057443,50,5.088038,5.119882
high,without_privacy_gate,attempted_interactions,7.005560,0.034526,50,6.995990,7.015130
high,without_privacy_gate,successful_cooperations,5.103960,0.057443,50,5.088038,5.119882
high,without_privacy_gate,failed_interactions,1.901600,0.058204,50,1.885467,1.917733
high,without_privacy_gate,blocked_privacy_interactions,0.000000,0.000000,50,0.000000,0.000000
high,without_privacy_gate,cooperation_rate,0.728425,0.007953,50,0.726220,0.730629
high,without_privacy_gate,task_completion_ratio,0.728412,0.007963,50,0.726205,0.730620
high,without_privacy_gate,reliability_score,0.728425,0.007953,50,0.726220,0.730629
high,without_privacy_gate,resource_efficiency,0.705714,0.007728,50,0.703571,0.707856
high,without_privacy_gate,fairness_index,0.875741,0.012193,50,0.872362,0.879121
high,without_privacy_gate,trust_stability_index,0.706847,0.006796,50,0.704963,0.708730
high,without_privacy_gate,privacy_exposure_risk,0.486504,0.006299,50,0.484758,0.488250
high,without_privacy_gate,candidate_privacy_risk,0.539013,0.004480,50,0.537771,0.540255
high,without_privacy_gate,accepted_privacy_exposure,0.486504,0.006299,50,0.484758,0.488250
high,without_privacy_gate,avg_trust,0.473242,0.007918,50,0.471047,0.475437
high,without_privacy_gate,trust_variance,0.073288,0.001699,50,0.072817,0.073759
high,without_privacy_gate,avg_preference,0.576430,0.005659,50,0.574862,0.577999
high,without_privacy_gate,avg_reciprocity,0.586182,0.014434,50,0.582181,0.590183
high,without_privacy_gate,avg_privacy_risk,0.486494,0.006297,50,0.484748,0.488239
high,without_privacy_gate,avg_total_utility,0.754216,0.002703,50,0.753466,0.754965
high,without_privacy_gate,avg_system_utility,0.751607,0.001610,50,0.751161,0.752053
high,without_privacy_gate,avg_social_utility,0.737203,0.004679,50,0.735906,0.738500
high,without_privacy_gate,avg_resource_utility,0.981828,0.000093,50,0.981803,0.981854
high,without_privacy_gate,avg_privacy_utility,0.513496,0.006299,50,0.511750,0.515242
high,without_privacy_gate,avg_incentive_utility,0.794353,0.003566,50,0.793365,0.795342
high,without_privacy_gate,energy_consumed,0.064840,0.000518,50,0.064696,0.064984
high,without_privacy_gate,bandwidth_consumed,0.275088,0.002423,50,0.274416,0.275760
high,without_privacy_gate,compute_consumed,0.366692,0.003391,50,0.365752,0.367632
high,without_privacy_gate,throughput_mbps,40.831680,0.459542,50,40.704301,40.959059
high,without_privacy_gate,packet_delivery_ratio,0.728425,0.007953,50,0.726220,0.730629
high,without_privacy_gate,e2e_delay_ms,96.565250,0.596611,50,96.399878,96.730622
high,without_privacy_gate,active_nodes,49.998560,0.004001,50,49.997451,49.999669
low,without_privacy_gate,generated_tasks,1.497080,0.019721,50,1.491614,1.502546
low,without_privacy_gate,completed_tasks,1.227800,0.031703,50,1.219012,1.236588
low,without_privacy_gate,attempted_interactions,1.497080,0.019721,50,1.491614,1.502546
low,without_privacy_gate,successful_cooperations,1.227800,0.031703,50,1.219012,1.236588
low,without_privacy_gate,failed_interactions,0.269280,0.024033,50,0.262618,0.275942
low,without_privacy_gate,blocked_privacy_interactions,0.000000,0.000000,50,0.000000,0.000000
low,without_privacy_gate,cooperation_rate,0.820680,0.017968,50,0.815700,0.825660
low,without_privacy_gate,task_completion_ratio,0.820680,0.017968,50,0.815700,0.825660
low,without_privacy_gate,reliability_score,0.820680,0.017968,50,0.815700,0.825660
low,without_privacy_gate,resource_efficiency,0.805121,0.017603,50,0.800242,0.810001
low,without_privacy_gate,fairness_index,0.746891,0.025615,50,0.739791,0.753991
low,without_privacy_gate,trust_stability_index,0.795567,0.005503,50,0.794042,0.797093
low,without_privacy_gate,privacy_exposure_risk,0.320580,0.006151,50,0.318875,0.322285
low,without_privacy_gate,candidate_privacy_risk,0.374334,0.007878,50,0.372151,0.376518
low,without_privacy_gate,accepted_privacy_exposure,0.320580,0.006151,50,0.318875,0.322285
low,without_privacy_gate,avg_trust,0.575307,0.008757,50,0.572879,0.577734
low,without_privacy_gate,trust_variance,0.051108,0.001376,50,0.050727,0.051490
low,without_privacy_gate,avg_preference,0.611548,0.007534,50,0.609460,0.613637
low,without_privacy_gate,avg_reciprocity,0.647794,0.018619,50,0.642633,0.652955
low,without_privacy_gate,avg_privacy_risk,0.320580,0.006151,50,0.318875,0.322285
low,without_privacy_gate,avg_total_utility,0.803379,0.003207,50,0.802491,0.804268
low,without_privacy_gate,avg_system_utility,0.815970,0.001977,50,0.815422,0.816518
low,without_privacy_gate,avg_social_utility,0.746619,0.006585,50,0.744794,0.748445
low,without_privacy_gate,avg_resource_utility,0.988868,0.000098,50,0.988841,0.988895
low,without_privacy_gate,avg_privacy_utility,0.679420,0.006151,50,0.677715,0.681125
low,without_privacy_gate,avg_incentive_utility,0.796547,0.005700,50,0.794967,0.798127
low,without_privacy_gate,energy_consumed,0.010689,0.000183,50,0.010639,0.010740
low,without_privacy_gate,bandwidth_consumed,0.034507,0.000574,50,0.034348,0.034667
low,without_privacy_gate,compute_consumed,0.046136,0.000899,50,0.045887,0.046385
low,without_privacy_gate,throughput_mbps,9.822400,0.253627,50,9.752098,9.892702
low,without_privacy_gate,packet_delivery_ratio,0.820680,0.017968,50,0.815700,0.825660
low,without_privacy_gate,e2e_delay_ms,86.176028,1.860317,50,85.660374,86.691682
low,without_privacy_gate,active_nodes,50.000000,0.000000,50,50.000000,50.000000
medium,without_privacy_gate,generated_tasks,4.007200,0.038585,50,3.996505,4.017895
medium,without_privacy_gate,completed_tasks,3.131680,0.057450,50,3.115756,3.147604
medium,without_privacy_gate,attempted_interactions,4.007200,0.038585,50,3.996505,4.017895
medium,without_privacy_gate,successful_cooperations,3.131680,0.057450,50,3.115756,3.147604
medium,without_privacy_gate,failed_interactions,0.875520,0.039901,50,0.864460,0.886580
medium,without_privacy_gate,blocked_privacy_interactions,0.000000,0.000000,50,0.000000,0.000000
medium,without_privacy_gate,cooperation_rate,0.781645,0.010750,50,0.778665,0.784624
medium,without_privacy_gate,task_completion_ratio,0.781645,0.010750,50,0.778665,0.784624
medium,without_privacy_gate,reliability_score,0.781645,0.010750,50,0.778665,0.784624
medium,without_privacy_gate,resource_efficiency,0.762230,0.010464,50,0.759330,0.765131
medium,without_privacy_gate,fairness_index,0.831023,0.013670,50,0.827234,0.834813
medium,without_privacy_gate,trust_stability_index,0.722951,0.005520,50,0.721421,0.724481
medium,without_privacy_gate,privacy_exposure_risk,0.399539,0.005866,50,0.397913,0.401165
medium,without_privacy_gate,candidate_privacy_risk,0.458894,0.005690,50,0.457317,0.460471
medium,without_privacy_gate,accepted_privacy_exposure,0.399539,0.005866,50,0.397913,0.401165
medium,without_privacy_gate,avg_trust,0.528293,0.009428,50,0.525680,0.530907
medium,without_privacy_gate,trust_variance,0.069262,0.001380,50,0.068880,0.069645
medium,without_privacy_gate,avg_preference,0.600703,0.007568,50,0.598605,0.602801
medium,without_privacy_gate,avg_reciprocity,0.622429,0.016867,50,0.617754,0.627105
medium,without_privacy_gate,avg_privacy_risk,0.399539,0.005866,50,0.397913,0.401165
medium,without_privacy_gate,avg_total_utility,0.786887,0.002977,50,0.786061,0.787712
medium,without_privacy_gate,avg_system_utility,0.788332,0.001567,50,0.787898,0.788767
medium,without_privacy_gate,avg_social_utility,0.758590,0.005696,50,0.757011,0.760169
medium,without_privacy_gate,avg_resource_utility,0.985474,0.000093,50,0.985448,0.985500
medium,without_privacy_gate,avg_privacy_utility,0.600461,0.005866,50,0.598835,0.602087
medium,without_privacy_gate,avg_incentive_utility,0.810044,0.004209,50,0.808877,0.811210
medium,without_privacy_gate,energy_consumed,0.033641,0.000396,50,0.033531,0.033750
medium,without_privacy_gate,bandwidth_consumed,0.123081,0.001878,50,0.122560,0.123602
medium,without_privacy_gate,compute_consumed,0.164174,0.002215,50,0.163560,0.164788
medium,without_privacy_gate,throughput_mbps,25.053440,0.459598,50,24.926046,25.180834
medium,without_privacy_gate,packet_delivery_ratio,0.781645,0.010750,50,0.778665,0.784624
medium,without_privacy_gate,e2e_delay_ms,96.229476,0.710921,50,96.032419,96.426533
medium,without_privacy_gate,active_nodes,50.000000,0.000000,50,50.000000,50.000000
extreme,without_reciprocity,generated_tasks,10.504920,0.048375,50,10.491511,10.518329
extreme,without_reciprocity,completed_tasks,5.756320,0.117002,50,5.723889,5.788751
extreme,without_reciprocity,attempted_interactions,8.884320,0.179907,50,8.834452,8.934188
extreme,without_reciprocity,successful_cooperations,5.756320,0.117002,50,5.723889,5.788751
extreme,without_reciprocity,failed_interactions,3.128000,0.103500,50,3.099311,3.156689
extreme,without_reciprocity,blocked_privacy_interactions,1.572720,0.174538,50,1.524340,1.621100
extreme,without_reciprocity,cooperation_rate,0.648503,0.007950,50,0.646300,0.650707
extreme,without_reciprocity,task_completion_ratio,0.547919,0.011115,50,0.544838,0.551000
extreme,without_reciprocity,reliability_score,0.550377,0.011172,50,0.547281,0.553474
extreme,without_reciprocity,resource_efficiency,0.529706,0.010538,50,0.526785,0.532627
extreme,without_reciprocity,fairness_index,0.933577,0.007231,50,0.931573,0.935581
extreme,without_reciprocity,trust_stability_index,0.723223,0.009970,50,0.720460,0.725987
extreme,without_reciprocity,privacy_exposure_risk,0.549981,0.007846,50,0.547806,0.552156
extreme,without_reciprocity,candidate_privacy_risk,0.605183,0.003159,50,0.604308,0.606059
extreme,without_reciprocity,accepted_privacy_exposure,0.549981,0.007846,50,0.547806,0.552156
extreme,without_reciprocity,avg_trust,0.408113,0.008629,50,0.405722,0.410505
extreme,without_reciprocity,trust_variance,0.069194,0.002492,50,0.068503,0.069885
extreme,without_reciprocity,avg_preference,0.556230,0.004444,50,0.554998,0.557462
extreme,without_reciprocity,avg_reciprocity,0.700073,0.011321,50,0.696935,0.703211
extreme,without_reciprocity,avg_privacy_risk,0.457269,0.015035,50,0.453102,0.461436
extreme,without_reciprocity,avg_total_utility,0.631880,0.002188,50,0.631273,0.632486
extreme,without_reciprocity,avg_system_utility,0.696696,0.001444,50,0.696296,0.697097
extreme,without_reciprocity,avg_social_utility,0.436108,0.003289,50,0.435196,0.437020
extreme,without_reciprocity,avg_resource_utility,0.977766,0.000085,50,0.977743,0.977790
extreme,without_reciprocity,avg_privacy_utility,0.450019,0.007846,50,0.447844,0.452194
extreme,without_reciprocity,avg_incentive_utility,0.620855,0.001843,50,0.620345,0.621366
extreme,without_reciprocity,energy_consumed,0.089646,0.001741,50,0.089163,0.090128
extreme,without_reciprocity,bandwidth_consumed,0.434077,0.008579,50,0.431699,0.436455
extreme,without_reciprocity,compute_consumed,0.578488,0.012152,50,0.575120,0.581856
extreme,without_reciprocity,throughput_mbps,46.050560,0.936012,50,45.791111,46.310009
extreme,without_reciprocity,packet_delivery_ratio,0.648503,0.007950,50,0.646300,0.650707
extreme,without_reciprocity,e2e_delay_ms,96.275437,0.509886,50,96.134104,96.416770
extreme,without_reciprocity,active_nodes,49.527560,0.192167,50,49.474294,49.580826
high,without_reciprocity,generated_tasks,6.993400,0.033942,50,6.983992,7.002808
high,without_reciprocity,completed_tasks,4.581200,0.093947,50,4.555159,4.607241
high,without_reciprocity,attempted_interactions,6.404920,0.089758,50,6.380040,6.429800
high,without_reciprocity,successful_cooperations,4.581200,0.093947,50,4.555159,4.607241
high,without_reciprocity,failed_interactions,1.823720,0.059018,50,1.807361,1.840079
high,without_reciprocity,blocked_privacy_interactions,0.586160,0.084353,50,0.562779,0.609541
high,without_reciprocity,cooperation_rate,0.715141,0.009019,50,0.712641,0.717641
high,without_reciprocity,task_completion_ratio,0.655045,0.012771,50,0.651506,0.658585
high,without_reciprocity,reliability_score,0.655252,0.012811,50,0.651701,0.658803
high,without_reciprocity,resource_efficiency,0.635977,0.012277,50,0.632574,0.639380
high,without_reciprocity,fairness_index,0.877088,0.014210,50,0.873150,0.881027
high,without_reciprocity,trust_stability_index,0.712139,0.007165,50,0.710153,0.714125
high,without_reciprocity,privacy_exposure_risk,0.494813,0.009482,50,0.492185,0.497441
high,without_reciprocity,candidate_privacy_risk,0.559906,0.003773,50,0.558860,0.560952
high,without_reciprocity,accepted_privacy_exposure,0.494813,0.009482,50,0.492185,0.497441
high,without_reciprocity,avg_trust,0.456617,0.008044,50,0.454387,0.458847
high,without_reciprocity,trust_variance,0.071965,0.001791,50,0.071469,0.072462
high,without_reciprocity,avg_preference,0.575068,0.005373,50,0.573579,0.576558
high,without_reciprocity,avg_reciprocity,0.691371,0.012016,50,0.688040,0.694702
high,without_reciprocity,avg_privacy_risk,0.447439,0.012074,50,0.444092,0.450786
high,without_reciprocity,avg_total_utility,0.665076,0.002831,50,0.664291,0.665860
high,without_reciprocity,avg_system_utility,0.742414,0.001496,50,0.742000,0.742829
high,without_reciprocity,avg_social_utility,0.466225,0.004803,50,0.464893,0.467556
high,without_reciprocity,avg_resource_utility,0.981810,0.000099,50,0.981783,0.981837
high,without_reciprocity,avg_privacy_utility,0.505187,0.009482,50,0.502559,0.507815
high,without_reciprocity,avg_incentive_utility,0.644468,0.002659,50,0.643731,0.645205
high,without_reciprocity,energy_consumed,0.059265,0.000881,50,0.059021,0.059510
high,without_reciprocity,bandwidth_consumed,0.251614,0.003573,50,0.250624,0.252605
high,without_reciprocity,compute_consumed,0.335885,0.004557,50,0.334622,0.337148
high,without_reciprocity,throughput_mbps,36.649600,0.751573,50,36.441275,36.857925
high,without_reciprocity,packet_delivery_ratio,0.715141,0.009019,50,0.712641,0.717641
high,without_reciprocity,e2e_delay_ms,96.409979,0.613336,50,96.239971,96.579988
high,without_reciprocity,active_nodes,49.976400,0.029416,50,49.968246,49.984554
low,without_reciprocity,generated_tasks,1.498240,0.020306,50,1.492611,1.503869
low,without_reciprocity,completed_tasks,1.216920,0.028927,50,1.208902,1.224938
low,without_reciprocity,attempted_interactions,1.497160,0.020187,50,1.491564,1.502756
low,without_reciprocity,successful_cooperations,1.216920,0.028927,50,1.208902,1.224938
low,without_reciprocity,failed_interactions,0.280240,0.020862,50,0.274457,0.286023
low,without_reciprocity,blocked_privacy_interactions,0.001080,0.001676,50,0.000615,0.001545
low,without_reciprocity,cooperation_rate,0.813460,0.016145,50,0.808985,0.817935
low,without_reciprocity,task_completion_ratio,0.813120,0.016318,50,0.808597,0.817643
low,without_reciprocity,reliability_score,0.813120,0.016318,50,0.808597,0.817643
low,without_reciprocity,resource_efficiency,0.797688,0.015988,50,0.793256,0.802119
low,without_reciprocity,fairness_index,0.719962,0.025476,50,0.712901,0.727024
low,without_reciprocity,trust_stability_index,0.796635,0.005659,50,0.795066,0.798204
low,without_reciprocity,privacy_exposure_risk,0.319700,0.006636,50,0.317861,0.321539
low,without_reciprocity,candidate_privacy_risk,0.389722,0.008619,50,0.387333,0.392111
low,without_reciprocity,accepted_privacy_exposure,0.319700,0.006636,50,0.317861,0.321539
low,without_reciprocity,avg_trust,0.574117,0.006511,50,0.572312,0.575922
low,without_reciprocity,trust_variance,0.050841,0.001415,50,0.050449,0.051233
low,without_reciprocity,avg_preference,0.608366,0.005120,50,0.606946,0.609785
low,without_reciprocity,avg_reciprocity,0.676544,0.013525,50,0.672795,0.680293
low,without_reciprocity,avg_privacy_risk,0.319559,0.006613,50,0.317726,0.321392
low,without_reciprocity,avg_total_utility,0.728184,0.002385,50,0.727523,0.728845
low,without_reciprocity,avg_system_utility,0.811333,0.001668,50,0.810871,0.811796
low,without_reciprocity,avg_social_utility,0.504495,0.004227,50,0.503324,0.505667
low,without_reciprocity,avg_resource_utility,0.988544,0.000925,50,0.988288,0.988801
low,without_reciprocity,avg_privacy_utility,0.679980,0.006539,50,0.678167,0.681792
low,without_reciprocity,avg_incentive_utility,0.675696,0.002266,50,0.675068,0.676324
low,without_reciprocity,energy_consumed,0.010693,0.000177,50,0.010644,0.010743
low,without_reciprocity,bandwidth_consumed,0.034550,0.000579,50,0.034390,0.034711
low,without_reciprocity,compute_consumed,0.046149,0.000897,50,0.045900,0.046398
low,without_reciprocity,throughput_mbps,9.735360,0.231416,50,9.671215,9.799505
low,without_reciprocity,packet_delivery_ratio,0.813460,0.016145,50,0.808985,0.817935
low,without_reciprocity,e2e_delay_ms,85.872320,1.850126,50,85.359491,86.385148
low,without_reciprocity,active_nodes,50.000000,0.000000,50,50.000000,50.000000
medium,without_reciprocity,generated_tasks,4.021320,0.037579,50,4.010904,4.031736
medium,without_reciprocity,completed_tasks,3.058000,0.057813,50,3.041975,3.074025
medium,without_reciprocity,attempted_interactions,3.956680,0.046794,50,3.943709,3.969651
medium,without_reciprocity,successful_cooperations,3.058000,0.057813,50,3.041975,3.074025
medium,without_reciprocity,failed_interactions,0.898680,0.035354,50,0.888880,0.908480
medium,without_reciprocity,blocked_privacy_interactions,0.064640,0.020585,50,0.058934,0.070346
medium,without_reciprocity,cooperation_rate,0.772837,0.009828,50,0.770113,0.775561
medium,without_reciprocity,task_completion_ratio,0.760433,0.011671,50,0.757198,0.763668
medium,without_reciprocity,reliability_score,0.760433,0.011671,50,0.757198,0.763668
medium,without_reciprocity,resource_efficiency,0.741756,0.011333,50,0.738615,0.744898
medium,without_reciprocity,fairness_index,0.809837,0.014094,50,0.805930,0.813744
medium,without_reciprocity,trust_stability_index,0.721695,0.005249,50,0.720240,0.723150
medium,without_reciprocity,privacy_exposure_risk,0.402692,0.006996,50,0.400753,0.404631
medium,without_reciprocity,candidate_privacy_risk,0.476442,0.005362,50,0.474956,0.477928
medium,without_reciprocity,accepted_privacy_exposure,0.402692,0.006996,50,0.400753,0.404631
medium,without_reciprocity,avg_trust,0.526535,0.008322,50,0.524228,0.528842
medium,without_reciprocity,trust_variance,0.069576,0.001312,50,0.069212,0.069940
medium,without_reciprocity,avg_preference,0.601711,0.006408,50,0.599935,0.603487
medium,without_reciprocity,avg_reciprocity,0.684926,0.014592,50,0.680881,0.688971
medium,without_reciprocity,avg_privacy_risk,0.395392,0.006565,50,0.393572,0.397211
medium,without_reciprocity,avg_total_utility,0.703402,0.002564,50,0.702692,0.704113
medium,without_reciprocity,avg_system_utility,0.782322,0.001468,50,0.781915,0.782728
medium,without_reciprocity,avg_social_utility,0.498994,0.004315,50,0.497798,0.500190
medium,without_reciprocity,avg_resource_utility,0.985461,0.000069,50,0.985442,0.985480
medium,without_reciprocity,avg_privacy_utility,0.597308,0.006996,50,0.595369,0.599247
medium,without_reciprocity,avg_incentive_utility,0.668450,0.002354,50,0.667797,0.669102
medium,without_reciprocity,energy_consumed,0.033281,0.000507,50,0.033140,0.033421
medium,without_reciprocity,bandwidth_consumed,0.121764,0.001906,50,0.121236,0.122293
medium,without_reciprocity,compute_consumed,0.161985,0.002437,50,0.161309,0.162660
medium,without_reciprocity,throughput_mbps,24.464000,0.462506,50,24.335800,24.592200
medium,without_reciprocity,packet_delivery_ratio,0.772837,0.009828,50,0.770113,0.775561
medium,without_reciprocity,e2e_delay_ms,96.053154,0.612518,50,95.883372,96.222935
medium,without_reciprocity,active_nodes,50.000000,0.000000,50,50.000000,50.000000
extreme,without_resource_awareness,generated_tasks,10.501880,0.050927,50,10.487764,10.515996
extreme,without_resource_awareness,completed_tasks,4.939400,0.128702,50,4.903726,4.975074
extreme,without_resource_awareness,attempted_interactions,9.142040,0.181648,50,9.091690,9.192390
extreme,without_resource_awareness,successful_cooperations,4.939400,0.128702,50,4.903726,4.975074
extreme,without_resource_awareness,failed_interactions,4.202640,0.126834,50,4.167483,4.237797
extreme,without_resource_awareness,blocked_privacy_interactions,1.287560,0.180870,50,1.237425,1.337695
extreme,without_resource_awareness,cooperation_rate,0.539406,0.010015,50,0.536630,0.542182
extreme,without_resource_awareness,task_completion_ratio,0.470242,0.012429,50,0.466797,0.473687
extreme,without_resource_awareness,reliability_score,0.473438,0.012757,50,0.469902,0.476974
extreme,without_resource_awareness,resource_efficiency,0.454253,0.011848,50,0.450969,0.457537
extreme,without_resource_awareness,fairness_index,0.909905,0.006794,50,0.908022,0.911788
extreme,without_resource_awareness,trust_stability_index,0.723276,0.010386,50,0.720398,0.726155
extreme,without_resource_awareness,privacy_exposure_risk,0.538292,0.007571,50,0.536193,0.540390
extreme,without_resource_awareness,candidate_privacy_risk,0.592850,0.003921,50,0.591763,0.593937
extreme,without_resource_awareness,accepted_privacy_exposure,0.538292,0.007571,50,0.536193,0.540390
extreme,without_resource_awareness,avg_trust,0.401785,0.008829,50,0.399338,0.404232
extreme,without_resource_awareness,trust_variance,0.069181,0.002596,50,0.068461,0.069901
extreme,without_resource_awareness,avg_preference,0.528663,0.006243,50,0.526932,0.530393
extreme,without_resource_awareness,avg_reciprocity,0.484504,0.013407,50,0.480788,0.488220
extreme,without_resource_awareness,avg_privacy_risk,0.461830,0.013641,50,0.458049,0.465611
extreme,without_resource_awareness,avg_total_utility,0.583635,0.002746,50,0.582874,0.584397
extreme,without_resource_awareness,avg_system_utility,0.618851,0.001605,50,0.618407,0.619296
extreme,without_resource_awareness,avg_social_utility,0.640580,0.004779,50,0.639255,0.641905
extreme,without_resource_awareness,avg_resource_utility,0.500000,0.000000,50,0.500000,0.500000
extreme,without_resource_awareness,avg_privacy_utility,0.461708,0.007571,50,0.459610,0.463807
extreme,without_resource_awareness,avg_incentive_utility,0.654578,0.003307,50,0.653661,0.655494
extreme,without_resource_awareness,energy_consumed,0.092139,0.001952,50,0.091598,0.092680
extreme,without_resource_awareness,bandwidth_consumed,0.445713,0.009119,50,0.443185,0.448240
extreme,without_resource_awareness,compute_consumed,0.593847,0.012225,50,0.590458,0.597236
extreme,without_resource_awareness,throughput_mbps,39.515200,1.029619,50,39.229804,39.800596
extreme,without_resource_awareness,packet_delivery_ratio,0.539406,0.010015,50,0.536630,0.542182
extreme,without_resource_awareness,e2e_delay_ms,96.100071,0.561331,50,95.944478,96.255663
extreme,without_resource_awareness,active_nodes,49.322280,0.172465,50,49.274475,49.370085
high,without_resource_awareness,generated_tasks,7.001800,0.039874,50,6.990748,7.012852
high,without_resource_awareness,completed_tasks,3.835880,0.092376,50,3.810275,3.861485
high,without_resource_awareness,attempted_interactions,6.518960,0.103627,50,6.490236,6.547684
high,without_resource_awareness,successful_cooperations,3.835880,0.092376,50,3.810275,3.861485
high,without_resource_awareness,failed_interactions,2.683080,0.074709,50,2.662372,2.703788
high,without_resource_awareness,blocked_privacy_interactions,0.482520,0.091235,50,0.457231,0.507809
high,without_resource_awareness,cooperation_rate,0.588173,0.010563,50,0.585245,0.591101
high,without_resource_awareness,task_completion_ratio,0.547819,0.013034,50,0.544206,0.551432
high,without_resource_awareness,reliability_score,0.547853,0.013021,50,0.544244,0.551462
high,without_resource_awareness,resource_efficiency,0.531704,0.012531,50,0.528231,0.535177
high,without_resource_awareness,fairness_index,0.867913,0.014247,50,0.863964,0.871862
high,without_resource_awareness,trust_stability_index,0.735439,0.007705,50,0.733303,0.737574
high,without_resource_awareness,privacy_exposure_risk,0.495478,0.005819,50,0.493865,0.497091
high,without_resource_awareness,candidate_privacy_risk,0.552704,0.003582,50,0.551711,0.553697
high,without_resource_awareness,accepted_privacy_exposure,0.495478,0.005819,50,0.493865,0.497091
high,without_resource_awareness,avg_trust,0.418350,0.007111,50,0.416379,0.420321
high,without_resource_awareness,trust_variance,0.066140,0.001926,50,0.065606,0.066674
high,without_resource_awareness,avg_preference,0.534236,0.005846,50,0.532616,0.535857
high,without_resource_awareness,avg_reciprocity,0.499258,0.014106,50,0.495348,0.503169
high,without_resource_awareness,avg_privacy_risk,0.456903,0.009187,50,0.454357,0.459450
high,without_resource_awareness,avg_total_utility,0.610490,0.002945,50,0.609674,0.611306
high,without_resource_awareness,avg_system_utility,0.652875,0.001459,50,0.652470,0.653279
high,without_resource_awareness,avg_social_utility,0.668385,0.005978,50,0.666728,0.670042
high,without_resource_awareness,avg_resource_utility,0.500000,0.000000,50,0.500000,0.500000
high,without_resource_awareness,avg_privacy_utility,0.504522,0.005819,50,0.502909,0.506135
high,without_resource_awareness,avg_incentive_utility,0.679113,0.004832,50,0.677773,0.680452
high,without_resource_awareness,energy_consumed,0.060264,0.001051,50,0.059972,0.060555
high,without_resource_awareness,bandwidth_consumed,0.255415,0.004552,50,0.254154,0.256677
high,without_resource_awareness,compute_consumed,0.341502,0.005980,50,0.339844,0.343159
high,without_resource_awareness,throughput_mbps,30.687040,0.739007,50,30.482198,30.891882
high,without_resource_awareness,packet_delivery_ratio,0.588173,0.010563,50,0.585245,0.591101
high,without_resource_awareness,e2e_delay_ms,95.770508,0.707571,50,95.574379,95.966636
high,without_resource_awareness,active_nodes,49.994920,0.008371,50,49.992600,49.997240
low,without_resource_awareness,generated_tasks,1.498280,0.024139,50,1.491589,1.504971
low,without_resource_awareness,completed_tasks,1.011800,0.030394,50,1.003375,1.020225
low,without_resource_awareness,attempted_interactions,1.494440,0.024592,50,1.487623,1.501257
low,without_resource_awareness,successful_cooperations,1.011800,0.030394,50,1.003375,1.020225
low,without_resource_awareness,failed_interactions,0.482640,0.027846,50,0.474921,0.490359
low,without_resource_awareness,blocked_privacy_interactions,0.003840,0.003914,50,0.002755,0.004925
low,without_resource_awareness,cooperation_rate,0.677820,0.019599,50,0.672388,0.683252
low,without_resource_awareness,task_completion_ratio,0.676900,0.019771,50,0.671420,0.682380
low,without_resource_awareness,reliability_score,0.676900,0.019771,50,0.671420,0.682380
low,without_resource_awareness,resource_efficiency,0.664069,0.019396,50,0.658693,0.669445
low,without_resource_awareness,fairness_index,0.733676,0.028813,50,0.725690,0.741663
low,without_resource_awareness,trust_stability_index,0.782224,0.005432,50,0.780719,0.783730
low,without_resource_awareness,privacy_exposure_risk,0.343689,0.009187,50,0.341143,0.346235
low,without_resource_awareness,candidate_privacy_risk,0.405681,0.009126,50,0.403151,0.408210
low,without_resource_awareness,accepted_privacy_exposure,0.343689,0.009187,50,0.341143,0.346235
low,without_resource_awareness,avg_trust,0.517903,0.007621,50,0.515791,0.520016
low,without_resource_awareness,trust_variance,0.054444,0.001358,50,0.054067,0.054820
low,without_resource_awareness,avg_preference,0.568060,0.006644,50,0.566218,0.569901
low,without_resource_awareness,avg_reciprocity,0.555583,0.017906,50,0.550619,0.560546
low,without_resource_awareness,avg_privacy_risk,0.343178,0.009064,50,0.340665,0.345690
low,without_resource_awareness,avg_total_utility,0.662569,0.004693,50,0.661268,0.663869
low,without_resource_awareness,avg_system_utility,0.714754,0.002727,50,0.713998,0.715510
low,without_resource_awareness,avg_social_utility,0.699791,0.008265,50,0.697500,0.702082
low,without_resource_awareness,avg_resource_utility,0.499420,0.000950,50,0.499157,0.499683
low,without_resource_awareness,avg_privacy_utility,0.655151,0.009287,50,0.652577,0.657725
low,without_resource_awareness,avg_incentive_utility,0.696529,0.006849,50,0.694631,0.698428
low,without_resource_awareness,energy_consumed,0.010664,0.000201,50,0.010608,0.010720
low,without_resource_awareness,bandwidth_consumed,0.034536,0.000696,50,0.034343,0.034729
low,without_resource_awareness,compute_consumed,0.046097,0.001048,50,0.045806,0.046387
low,without_resource_awareness,throughput_mbps,8.094400,0.243152,50,8.027002,8.161798
low,without_resource_awareness,packet_delivery_ratio,0.677820,0.019599,50,0.672388,0.683252
low,without_resource_awareness,e2e_delay_ms,75.925275,2.047075,50,75.357854,76.492695
low,without_resource_awareness,active_nodes,50.000000,0.000000,50,50.000000,50.000000
medium,without_resource_awareness,generated_tasks,4.005840,0.043153,50,3.993879,4.017801
medium,without_resource_awareness,completed_tasks,2.493080,0.066642,50,2.474608,2.511552
medium,without_resource_awareness,attempted_interactions,3.925160,0.054206,50,3.910135,3.940185
medium,without_resource_awareness,successful_cooperations,2.493080,0.066642,50,2.474608,2.511552
medium,without_resource_awareness,failed_interactions,1.432080,0.041939,50,1.420455,1.443705
medium,without_resource_awareness,blocked_privacy_interactions,0.080680,0.023136,50,0.074267,0.087093
medium,without_resource_awareness,cooperation_rate,0.634873,0.012547,50,0.631395,0.638350
medium,without_resource_awareness,task_completion_ratio,0.622363,0.013827,50,0.618531,0.626196
medium,without_resource_awareness,reliability_score,0.622363,0.013827,50,0.618531,0.626196
medium,without_resource_awareness,resource_efficiency,0.607126,0.013433,50,0.603402,0.610849
medium,without_resource_awareness,fairness_index,0.830433,0.014697,50,0.826359,0.834507
medium,without_resource_awareness,trust_stability_index,0.733707,0.007034,50,0.731757,0.735657
medium,without_resource_awareness,privacy_exposure_risk,0.428159,0.007426,50,0.426100,0.430217
medium,without_resource_awareness,candidate_privacy_risk,0.484349,0.005757,50,0.482753,0.485945
medium,without_resource_awareness,accepted_privacy_exposure,0.428159,0.007426,50,0.426100,0.430217
medium,without_resource_awareness,avg_trust,0.462739,0.008822,50,0.460294,0.465184
medium,without_resource_awareness,trust_variance,0.066573,0.001759,50,0.066086,0.067061
medium,without_resource_awareness,avg_preference,0.552764,0.006727,50,0.550899,0.554628
medium,without_resource_awareness,avg_reciprocity,0.523205,0.016571,50,0.518612,0.527799
medium,without_resource_awareness,avg_privacy_risk,0.418430,0.007152,50,0.416448,0.420412
medium,without_resource_awareness,avg_total_utility,0.639249,0.003355,50,0.638319,0.640180
medium,without_resource_awareness,avg_system_utility,0.685476,0.001655,50,0.685018,0.685935
medium,without_resource_awareness,avg_social_utility,0.692772,0.005842,50,0.691153,0.694392
medium,without_resource_awareness,avg_resource_utility,0.499980,0.000141,50,0.499941,0.500019
medium,without_resource_awareness,avg_privacy_utility,0.571801,0.007497,50,0.569723,0.573879
medium,without_resource_awareness,avg_incentive_utility,0.697558,0.004389,50,0.696342,0.698775
medium,without_resource_awareness,energy_consumed,0.032884,0.000535,50,0.032736,0.033033
medium,without_resource_awareness,bandwidth_consumed,0.120517,0.001899,50,0.119991,0.121044
medium,without_resource_awareness,compute_consumed,0.161019,0.002819,50,0.160238,0.161800
medium,without_resource_awareness,throughput_mbps,19.944640,0.533137,50,19.796862,20.092418
medium,without_resource_awareness,packet_delivery_ratio,0.634873,0.012547,50,0.631395,0.638350
medium,without_resource_awareness,e2e_delay_ms,93.510237,1.003921,50,93.231964,93.788510
medium,without_resource_awareness,active_nodes,50.000000,0.000000,50,50.000000,50.000000
extreme,without_social_graph_adaptation,generated_tasks,10.495560,0.054400,50,10.480481,10.510639
extreme,without_social_graph_adaptation,completed_tasks,6.055560,0.154467,50,6.012744,6.098376
extreme,without_social_graph_adaptation,attempted_interactions,9.352520,0.174281,50,9.304212,9.400828
extreme,without_social_graph_adaptation,successful_cooperations,6.055560,0.154467,50,6.012744,6.098376
extreme,without_social_graph_adaptation,failed_interactions,3.296960,0.086495,50,3.272985,3.320935
extreme,without_social_graph_adaptation,blocked_privacy_interactions,1.064360,0.164487,50,1.018767,1.109953
extreme,without_social_graph_adaptation,cooperation_rate,0.647145,0.008640,50,0.644750,0.649540
extreme,without_social_graph_adaptation,task_completion_ratio,0.576922,0.014497,50,0.572903,0.580940
extreme,without_social_graph_adaptation,reliability_score,0.581167,0.014530,50,0.577139,0.585195
extreme,without_social_graph_adaptation,resource_efficiency,0.556945,0.013762,50,0.553130,0.560759
extreme,without_social_graph_adaptation,fairness_index,0.924597,0.005827,50,0.922982,0.926212
extreme,without_social_graph_adaptation,trust_stability_index,0.692378,0.006624,50,0.690542,0.694214
extreme,without_social_graph_adaptation,privacy_exposure_risk,0.523246,0.006042,50,0.521571,0.524920
extreme,without_social_graph_adaptation,candidate_privacy_risk,0.583322,0.003540,50,0.582341,0.584303
extreme,without_social_graph_adaptation,accepted_privacy_exposure,0.523246,0.006042,50,0.521571,0.524920
extreme,without_social_graph_adaptation,avg_trust,0.444251,0.007407,50,0.442198,0.446304
extreme,without_social_graph_adaptation,trust_variance,0.076906,0.001656,50,0.076447,0.077365
extreme,without_social_graph_adaptation,avg_preference,0.563448,0.005464,50,0.561933,0.564962
extreme,without_social_graph_adaptation,avg_reciprocity,0.556870,0.014337,50,0.552896,0.560844
extreme,without_social_graph_adaptation,avg_privacy_risk,0.460606,0.011840,50,0.457324,0.463888
extreme,without_social_graph_adaptation,avg_total_utility,0.713564,0.002123,50,0.712975,0.714152
extreme,without_social_graph_adaptation,avg_system_utility,0.696233,0.001709,50,0.695760,0.696707
extreme,without_social_graph_adaptation,avg_social_utility,0.688430,0.004843,50,0.687087,0.689772
extreme,without_social_graph_adaptation,avg_resource_utility,0.977803,0.000113,50,0.977772,0.977834
extreme,without_social_graph_adaptation,avg_privacy_utility,0.476754,0.006042,50,0.475080,0.478429
extreme,without_social_graph_adaptation,avg_incentive_utility,0.748528,0.004177,50,0.747371,0.749686
extreme,without_social_graph_adaptation,energy_consumed,0.094303,0.001827,50,0.093796,0.094809
extreme,without_social_graph_adaptation,bandwidth_consumed,0.456035,0.009295,50,0.453459,0.458612
extreme,without_social_graph_adaptation,compute_consumed,0.608199,0.011586,50,0.604988,0.611410
extreme,without_social_graph_adaptation,throughput_mbps,48.444480,1.235738,50,48.101951,48.787009
extreme,without_social_graph_adaptation,packet_delivery_ratio,0.647145,0.008640,50,0.644750,0.649540
extreme,without_social_graph_adaptation,e2e_delay_ms,96.554277,0.422355,50,96.437206,96.671347
extreme,without_social_graph_adaptation,active_nodes,49.299400,0.157088,50,49.255857,49.342943
high,without_social_graph_adaptation,generated_tasks,7.002720,0.031900,50,6.993878,7.011562
high,without_social_graph_adaptation,completed_tasks,4.835080,0.095208,50,4.808690,4.861470
high,without_social_graph_adaptation,attempted_interactions,6.660480,0.079447,50,6.638459,6.682501
high,without_social_graph_adaptation,successful_cooperations,4.835080,0.095208,50,4.808690,4.861470
high,without_social_graph_adaptation,failed_interactions,1.825400,0.060810,50,1.808544,1.842256
high,without_social_graph_adaptation,blocked_privacy_interactions,0.342000,0.070869,50,0.322356,0.361644
high,without_social_graph_adaptation,cooperation_rate,0.725873,0.009377,50,0.723274,0.728473
high,without_social_graph_adaptation,task_completion_ratio,0.690376,0.012917,50,0.686795,0.693956
high,without_social_graph_adaptation,reliability_score,0.690399,0.012916,50,0.686819,0.693979
high,without_social_graph_adaptation,resource_efficiency,0.669703,0.012421,50,0.666260,0.673146
high,without_social_graph_adaptation,fairness_index,0.870829,0.013091,50,0.867201,0.874458
high,without_social_graph_adaptation,trust_stability_index,0.702606,0.005847,50,0.700986,0.704227
high,without_social_graph_adaptation,privacy_exposure_risk,0.469141,0.005767,50,0.467542,0.470740
high,without_social_graph_adaptation,candidate_privacy_risk,0.538887,0.005027,50,0.537493,0.540280
high,without_social_graph_adaptation,accepted_privacy_exposure,0.469141,0.005767,50,0.467542,0.470740
high,without_social_graph_adaptation,avg_trust,0.479727,0.007187,50,0.477735,0.481720
high,without_social_graph_adaptation,trust_variance,0.074348,0.001462,50,0.073943,0.074754
high,without_social_graph_adaptation,avg_preference,0.581166,0.005511,50,0.579638,0.582694
high,without_social_graph_adaptation,avg_reciprocity,0.599616,0.014473,50,0.595604,0.603627
high,without_social_graph_adaptation,avg_privacy_risk,0.442819,0.006623,50,0.440983,0.444655
high,without_social_graph_adaptation,avg_total_utility,0.754278,0.003233,50,0.753382,0.755175
high,without_social_graph_adaptation,avg_system_utility,0.749856,0.002178,50,0.749253,0.750460
high,without_social_graph_adaptation,avg_social_utility,0.731973,0.006028,50,0.730302,0.733643
high,without_social_graph_adaptation,avg_resource_utility,0.981816,0.000086,50,0.981792,0.981840
high,without_social_graph_adaptation,avg_privacy_utility,0.530859,0.005767,50,0.529260,0.532458
high,without_social_graph_adaptation,avg_incentive_utility,0.787271,0.004528,50,0.786016,0.788526
high,without_social_graph_adaptation,energy_consumed,0.061616,0.000737,50,0.061411,0.061820
high,without_social_graph_adaptation,bandwidth_consumed,0.261709,0.003406,50,0.260765,0.262653
high,without_social_graph_adaptation,compute_consumed,0.348971,0.004437,50,0.347741,0.350201
high,without_social_graph_adaptation,throughput_mbps,38.680640,0.761662,50,38.469518,38.891762
high,without_social_graph_adaptation,packet_delivery_ratio,0.725873,0.009377,50,0.723274,0.728473
high,without_social_graph_adaptation,e2e_delay_ms,96.532939,0.501871,50,96.393828,96.672051
high,without_social_graph_adaptation,active_nodes,49.998360,0.003718,50,49.997329,49.999391
low,without_social_graph_adaptation,generated_tasks,1.497040,0.020188,50,1.491444,1.502636
low,without_social_graph_adaptation,completed_tasks,1.227360,0.032695,50,1.218297,1.236423
low,without_social_graph_adaptation,attempted_interactions,1.496640,0.020225,50,1.491034,1.502246
low,without_social_graph_adaptation,successful_cooperations,1.227360,0.032695,50,1.218297,1.236423
low,without_social_graph_adaptation,failed_interactions,0.269280,0.025116,50,0.262318,0.276242
low,without_social_graph_adaptation,blocked_privacy_interactions,0.000400,0.000808,50,0.000176,0.000624
low,without_social_graph_adaptation,cooperation_rate,0.820180,0.018591,50,0.815027,0.825333
low,without_social_graph_adaptation,task_completion_ratio,0.820100,0.018613,50,0.814941,0.825259
low,without_social_graph_adaptation,reliability_score,0.820100,0.018613,50,0.814941,0.825259
low,without_social_graph_adaptation,resource_efficiency,0.804552,0.018249,50,0.799493,0.809610
low,without_social_graph_adaptation,fairness_index,0.748271,0.022986,50,0.741900,0.754643
low,without_social_graph_adaptation,trust_stability_index,0.795633,0.005428,50,0.794128,0.797137
low,without_social_graph_adaptation,privacy_exposure_risk,0.319507,0.005121,50,0.318088,0.320926
low,without_social_graph_adaptation,candidate_privacy_risk,0.374120,0.007165,50,0.372134,0.376106
low,without_social_graph_adaptation,accepted_privacy_exposure,0.319507,0.005121,50,0.318088,0.320926
low,without_social_graph_adaptation,avg_trust,0.575363,0.008552,50,0.572993,0.577734
low,without_social_graph_adaptation,trust_variance,0.051092,0.001357,50,0.050716,0.051468
low,without_social_graph_adaptation,avg_preference,0.611599,0.007377,50,0.609554,0.613644
low,without_social_graph_adaptation,avg_reciprocity,0.648421,0.018356,50,0.643333,0.653509
low,without_social_graph_adaptation,avg_privacy_risk,0.319468,0.005148,50,0.318041,0.320895
low,without_social_graph_adaptation,avg_total_utility,0.803464,0.003177,50,0.802584,0.804345
low,without_social_graph_adaptation,avg_system_utility,0.815630,0.001967,50,0.815085,0.816176
low,without_social_graph_adaptation,avg_social_utility,0.746858,0.006844,50,0.744961,0.748755
low,without_social_graph_adaptation,avg_resource_utility,0.988712,0.000558,50,0.988557,0.988866
low,without_social_graph_adaptation,avg_privacy_utility,0.680333,0.005121,50,0.678913,0.681753
low,without_social_graph_adaptation,avg_incentive_utility,0.796546,0.005926,50,0.794904,0.798189
low,without_social_graph_adaptation,energy_consumed,0.010683,0.000195,50,0.010629,0.010737
low,without_social_graph_adaptation,bandwidth_consumed,0.034469,0.000589,50,0.034306,0.034632
low,without_social_graph_adaptation,compute_consumed,0.046116,0.000932,50,0.045857,0.046374
low,without_social_graph_adaptation,throughput_mbps,9.818880,0.261561,50,9.746379,9.891381
low,without_social_graph_adaptation,packet_delivery_ratio,0.820180,0.018591,50,0.815027,0.825333
low,without_social_graph_adaptation,e2e_delay_ms,86.226943,1.804222,50,85.726838,86.727048
low,without_social_graph_adaptation,active_nodes,50.000000,0.000000,50,50.000000,50.000000
medium,without_social_graph_adaptation,generated_tasks,4.002120,0.036864,50,3.991902,4.012338
medium,without_social_graph_adaptation,completed_tasks,3.098880,0.051780,50,3.084527,3.113233
medium,without_social_graph_adaptation,attempted_interactions,3.971720,0.037714,50,3.961266,3.982174
medium,without_social_graph_adaptation,successful_cooperations,3.098880,0.051780,50,3.084527,3.113233
medium,without_social_graph_adaptation,failed_interactions,0.872840,0.044071,50,0.860624,0.885056
medium,without_social_graph_adaptation,blocked_privacy_interactions,0.030400,0.012115,50,0.027042,0.033758
medium,without_social_graph_adaptation,cooperation_rate,0.779915,0.011168,50,0.776819,0.783010
medium,without_social_graph_adaptation,task_completion_ratio,0.774053,0.011803,50,0.770781,0.777324
medium,without_social_graph_adaptation,reliability_score,0.774053,0.011803,50,0.770781,0.777324
medium,without_social_graph_adaptation,resource_efficiency,0.754895,0.011506,50,0.751706,0.758084
medium,without_social_graph_adaptation,fairness_index,0.829774,0.013399,50,0.826060,0.833488
medium,without_social_graph_adaptation,trust_stability_index,0.723012,0.005547,50,0.721474,0.724549
medium,without_social_graph_adaptation,privacy_exposure_risk,0.395281,0.007123,50,0.393306,0.397255
medium,without_social_graph_adaptation,candidate_privacy_risk,0.459631,0.007038,50,0.457680,0.461582
medium,without_social_graph_adaptation,accepted_privacy_exposure,0.395281,0.007123,50,0.393306,0.397255
medium,without_social_graph_adaptation,avg_trust,0.530076,0.008950,50,0.527595,0.532557
medium,without_social_graph_adaptation,trust_variance,0.069247,0.001387,50,0.068863,0.069631
medium,without_social_graph_adaptation,avg_preference,0.601724,0.007437,50,0.599662,0.603785
medium,without_social_graph_adaptation,avg_reciprocity,0.625140,0.017289,50,0.620347,0.629932
medium,without_social_graph_adaptation,avg_privacy_risk,0.391905,0.006852,50,0.390005,0.393804
medium,without_social_graph_adaptation,avg_total_utility,0.786505,0.003262,50,0.785601,0.787410
medium,without_social_graph_adaptation,avg_system_utility,0.787525,0.001622,50,0.787075,0.787974
medium,without_social_graph_adaptation,avg_social_utility,0.756676,0.006010,50,0.755010,0.758342
medium,without_social_graph_adaptation,avg_resource_utility,0.985451,0.000090,50,0.985426,0.985476
medium,without_social_graph_adaptation,avg_privacy_utility,0.604719,0.007123,50,0.602745,0.606694
medium,without_social_graph_adaptation,avg_incentive_utility,0.807421,0.004790,50,0.806093,0.808749
medium,without_social_graph_adaptation,energy_consumed,0.033362,0.000390,50,0.033254,0.033470
medium,without_social_graph_adaptation,bandwidth_consumed,0.122167,0.001602,50,0.121723,0.122611
medium,without_social_graph_adaptation,compute_consumed,0.163134,0.002223,50,0.162518,0.163750
medium,without_social_graph_adaptation,throughput_mbps,24.791040,0.414240,50,24.676219,24.905861
medium,without_social_graph_adaptation,packet_delivery_ratio,0.779915,0.011168,50,0.776819,0.783010
medium,without_social_graph_adaptation,e2e_delay_ms,96.040000,0.743743,50,95.833845,96.246155
medium,without_social_graph_adaptation,active_nodes,50.000000,0.000000,50,50.000000,50.000000
extreme,without_trust,generated_tasks,10.504600,0.047205,50,10.491516,10.517684
extreme,without_trust,completed_tasks,6.296200,0.095606,50,6.269699,6.322701
extreme,without_trust,attempted_interactions,9.951520,0.101876,50,9.923281,9.979759
extreme,without_trust,successful_cooperations,6.296200,0.095606,50,6.269699,6.322701
extreme,without_trust,failed_interactions,3.655320,0.069748,50,3.635987,3.674653
extreme,without_trust,blocked_privacy_interactions,0.504800,0.106422,50,0.475301,0.534299
extreme,without_trust,cooperation_rate,0.632833,0.006678,50,0.630982,0.634684
extreme,without_trust,task_completion_ratio,0.599567,0.008941,50,0.597089,0.602045
extreme,without_trust,reliability_score,0.602282,0.009132,50,0.599750,0.604813
extreme,without_trust,resource_efficiency,0.577717,0.008487,50,0.575364,0.580069
extreme,without_trust,fairness_index,0.932782,0.006206,50,0.931062,0.934502
extreme,without_trust,trust_stability_index,0.682531,0.005759,50,0.680935,0.684128
extreme,without_trust,privacy_exposure_risk,0.496956,0.004938,50,0.495587,0.498325
extreme,without_trust,candidate_privacy_risk,0.541148,0.005705,50,0.539567,0.542730
extreme,without_trust,accepted_privacy_exposure,0.496956,0.004938,50,0.495587,0.498325
extreme,without_trust,avg_trust,0.495436,0.007172,50,0.493448,0.497424
extreme,without_trust,trust_variance,0.079367,0.001440,50,0.078968,0.079766
extreme,without_trust,avg_preference,0.584184,0.005858,50,0.582560,0.585808
extreme,without_trust,avg_reciprocity,0.525410,0.012891,50,0.521837,0.528984
extreme,without_trust,avg_privacy_risk,0.468007,0.007662,50,0.465884,0.470131
extreme,without_trust,avg_total_utility,0.659063,0.001594,50,0.658621,0.659505
extreme,without_trust,avg_system_utility,0.683881,0.001515,50,0.683461,0.684301
extreme,without_trust,avg_social_utility,0.465224,0.003033,50,0.464384,0.466065
extreme,without_trust,avg_resource_utility,0.977778,0.000096,50,0.977751,0.977804
extreme,without_trust,avg_privacy_utility,0.503044,0.004938,50,0.501675,0.504413
extreme,without_trust,avg_incentive_utility,0.713457,0.003035,50,0.712615,0.714298
extreme,without_trust,energy_consumed,0.100311,0.001109,50,0.100003,0.100618
extreme,without_trust,bandwidth_consumed,0.485964,0.004954,50,0.484591,0.487337
extreme,without_trust,compute_consumed,0.647844,0.008530,50,0.645480,0.650208
extreme,without_trust,throughput_mbps,50.369600,0.764846,50,50.157596,50.581604
extreme,without_trust,packet_delivery_ratio,0.632833,0.006678,50,0.630982,0.634684
extreme,without_trust,e2e_delay_ms,96.540550,0.546318,50,96.389118,96.691981
extreme,without_trust,active_nodes,49.577480,0.102812,50,49.548982,49.605978
high,without_trust,generated_tasks,6.996560,0.036291,50,6.986501,7.006619
high,without_trust,completed_tasks,4.819760,0.062922,50,4.802319,4.837201
high,without_trust,attempted_interactions,6.854400,0.052385,50,6.839880,6.868920
high,without_trust,successful_cooperations,4.819760,0.062922,50,4.802319,4.837201
high,without_trust,failed_interactions,2.034640,0.048028,50,2.021327,2.047953
high,without_trust,blocked_privacy_interactions,0.142160,0.037373,50,0.131801,0.152519
high,without_trust,cooperation_rate,0.703316,0.007086,50,0.701352,0.705280
high,without_trust,task_completion_ratio,0.689096,0.008238,50,0.686812,0.691379
high,without_trust,reliability_score,0.689096,0.008238,50,0.686812,0.691379
high,without_trust,resource_efficiency,0.667992,0.007938,50,0.665791,0.670192
high,without_trust,fairness_index,0.890457,0.011253,50,0.887338,0.893576
high,without_trust,trust_stability_index,0.705175,0.005881,50,0.703545,0.706805
high,without_trust,privacy_exposure_risk,0.447276,0.005076,50,0.445869,0.448683
high,without_trust,candidate_privacy_risk,0.492247,0.007147,50,0.490266,0.494228
high,without_trust,accepted_privacy_exposure,0.447276,0.005076,50,0.445869,0.448683
high,without_trust,avg_trust,0.528576,0.009252,50,0.526011,0.531140
high,without_trust,trust_variance,0.073706,0.001470,50,0.073299,0.074114
high,without_trust,avg_preference,0.600658,0.007216,50,0.598658,0.602658
high,without_trust,avg_reciprocity,0.564606,0.016917,50,0.559917,0.569296
high,without_trust,avg_privacy_risk,0.436814,0.005258,50,0.435357,0.438272
high,without_trust,avg_total_utility,0.687774,0.001799,50,0.687275,0.688273
high,without_trust,avg_system_utility,0.734731,0.001419,50,0.734338,0.735124
high,without_trust,avg_social_utility,0.476307,0.003507,50,0.475335,0.477279
high,without_trust,avg_resource_utility,0.981839,0.000078,50,0.981817,0.981860
high,without_trust,avg_privacy_utility,0.552724,0.005076,50,0.551317,0.554131
high,without_trust,avg_incentive_utility,0.732453,0.002899,50,0.731650,0.733257
high,without_trust,energy_consumed,0.063310,0.000486,50,0.063175,0.063444
high,without_trust,bandwidth_consumed,0.268975,0.002457,50,0.268294,0.269656
high,without_trust,compute_consumed,0.358800,0.003683,50,0.357779,0.359821
high,without_trust,throughput_mbps,38.558080,0.503373,50,38.418552,38.697608
high,without_trust,packet_delivery_ratio,0.703316,0.007086,50,0.701352,0.705280
high,without_trust,e2e_delay_ms,96.117260,0.602839,50,95.950162,96.284359
high,without_trust,active_nodes,49.999800,0.001161,50,49.999478,50.000122
low,without_trust,generated_tasks,1.496920,0.019580,50,1.491493,1.502347
low,without_trust,completed_tasks,1.177280,0.029504,50,1.169102,1.185458
low,without_trust,attempted_interactions,1.496840,0.019509,50,1.491432,1.502248
low,without_trust,successful_cooperations,1.177280,0.029504,50,1.169102,1.185458
low,without_trust,failed_interactions,0.319560,0.022309,50,0.313376,0.325744
low,without_trust,blocked_privacy_interactions,0.000080,0.000396,50,-0.000030,0.000190
low,without_trust,cooperation_rate,0.786900,0.017087,50,0.782164,0.791636
low,without_trust,task_completion_ratio,0.786880,0.017097,50,0.782141,0.791619
low,without_trust,reliability_score,0.786880,0.017097,50,0.782141,0.791619
low,without_trust,resource_efficiency,0.771957,0.016747,50,0.767315,0.776599
low,without_trust,fairness_index,0.786300,0.026437,50,0.778972,0.793628
low,without_trust,trust_stability_index,0.801996,0.005915,50,0.800356,0.803635
low,without_trust,privacy_exposure_risk,0.326387,0.006019,50,0.324719,0.328056
low,without_trust,candidate_privacy_risk,0.359186,0.008989,50,0.356695,0.361678
low,without_trust,accepted_privacy_exposure,0.326387,0.006019,50,0.324719,0.328056
low,without_trust,avg_trust,0.576082,0.009023,50,0.573581,0.578583
low,without_trust,trust_variance,0.049501,0.001479,50,0.049091,0.049911
low,without_trust,avg_preference,0.609475,0.007183,50,0.607484,0.611466
low,without_trust,avg_reciprocity,0.624927,0.016305,50,0.620407,0.629446
low,without_trust,avg_privacy_risk,0.326382,0.006013,50,0.324715,0.328049
low,without_trust,avg_total_utility,0.722635,0.001816,50,0.722132,0.723139
low,without_trust,avg_system_utility,0.792943,0.001319,50,0.792578,0.793309
low,without_trust,avg_social_utility,0.469542,0.003493,50,0.468574,0.470510
low,without_trust,avg_resource_utility,0.988827,0.000283,50,0.988748,0.988905
low,without_trust,avg_privacy_utility,0.673573,0.006084,50,0.671886,0.675259
low,without_trust,avg_incentive_utility,0.725783,0.003236,50,0.724886,0.726680
low,without_trust,energy_consumed,0.010683,0.000181,50,0.010633,0.010733
low,without_trust,bandwidth_consumed,0.034517,0.000574,50,0.034358,0.034676
low,without_trust,compute_consumed,0.046149,0.000905,50,0.045898,0.046400
low,without_trust,throughput_mbps,9.418240,0.236033,50,9.352815,9.483665
low,without_trust,packet_delivery_ratio,0.786900,0.017087,50,0.782164,0.791636
low,without_trust,e2e_delay_ms,83.832452,1.819889,50,83.328005,84.336899
low,without_trust,active_nodes,50.000000,0.000000,50,50.000000,50.000000
medium,without_trust,generated_tasks,4.004880,0.038754,50,3.994138,4.015622
medium,without_trust,completed_tasks,2.986600,0.044837,50,2.974172,2.999028
medium,without_trust,attempted_interactions,3.998080,0.038636,50,3.987371,4.008789
medium,without_trust,successful_cooperations,2.986600,0.044837,50,2.974172,2.999028
medium,without_trust,failed_interactions,1.011480,0.041043,50,1.000103,1.022857
medium,without_trust,blocked_privacy_interactions,0.006800,0.005525,50,0.005268,0.008332
medium,without_trust,cooperation_rate,0.747165,0.010276,50,0.744317,0.750014
medium,without_trust,task_completion_ratio,0.745921,0.010114,50,0.743118,0.748725
medium,without_trust,reliability_score,0.745921,0.010114,50,0.743118,0.748725
medium,without_trust,resource_efficiency,0.727414,0.009838,50,0.724687,0.730140
medium,without_trust,fairness_index,0.864767,0.012605,50,0.861274,0.868261
medium,without_trust,trust_stability_index,0.733452,0.005408,50,0.731953,0.734951
medium,without_trust,privacy_exposure_risk,0.386906,0.004162,50,0.385752,0.388060
medium,without_trust,candidate_privacy_risk,0.421903,0.006560,50,0.420084,0.423721
medium,without_trust,accepted_privacy_exposure,0.386906,0.004162,50,0.385752,0.388060
medium,without_trust,avg_trust,0.555905,0.009461,50,0.553282,0.558527
medium,without_trust,trust_variance,0.066637,0.001352,50,0.066262,0.067012
medium,without_trust,avg_preference,0.612175,0.007545,50,0.610084,0.614267
medium,without_trust,avg_reciprocity,0.596055,0.016910,50,0.591368,0.600743
medium,without_trust,avg_privacy_risk,0.386178,0.004139,50,0.385031,0.387325
medium,without_trust,avg_total_utility,0.708511,0.001468,50,0.708104,0.708918
medium,without_trust,avg_system_utility,0.765334,0.001197,50,0.765002,0.765665
medium,without_trust,avg_social_utility,0.479135,0.003285,50,0.478224,0.480045
medium,without_trust,avg_resource_utility,0.985472,0.000083,50,0.985449,0.985495
medium,without_trust,avg_privacy_utility,0.613094,0.004162,50,0.611940,0.614248
medium,without_trust,avg_incentive_utility,0.738097,0.002841,50,0.737310,0.738885
medium,without_trust,energy_consumed,0.033573,0.000354,50,0.033475,0.033671
medium,without_trust,bandwidth_consumed,0.122916,0.001632,50,0.122464,0.123368
medium,without_trust,compute_consumed,0.163717,0.002060,50,0.163146,0.164288
medium,without_trust,throughput_mbps,23.892800,0.358693,50,23.793375,23.992225
medium,without_trust,packet_delivery_ratio,0.747165,0.010276,50,0.744317,0.750014
medium,without_trust,e2e_delay_ms,95.778032,0.703007,50,95.583169,95.972896
medium,without_trust,active_nodes,50.000000,0.000000,50,50.000000,50.000000
