load_level,baseline_name,metric,mean,std,count,ci95_low,ci95_high
extreme,game_theoretic_social,generated_tasks,10.509480,0.051100,100,10.499464,10.519496
extreme,game_theoretic_social,completed_tasks,6.611540,0.091061,100,6.593692,6.629388
extreme,game_theoretic_social,attempted_interactions,10.424940,0.050926,100,10.414958,10.434922
extreme,game_theoretic_social,successful_cooperations,6.611540,0.091061,100,6.593692,6.629388
extreme,game_theoretic_social,failed_interactions,3.813400,0.089376,100,3.795882,3.830918
extreme,game_theoretic_social,blocked_privacy_interactions,0.000000,0.000000,100,0.000000,0.000000
extreme,game_theoretic_social,cooperation_rate,0.634211,0.008359,100,0.632573,0.635850
extreme,game_theoretic_social,task_completion_ratio,0.629192,0.008292,100,0.627567,0.630818
extreme,game_theoretic_social,reliability_score,0.634211,0.008359,100,0.632573,0.635850
extreme,game_theoretic_social,resource_efficiency,0.605340,0.007981,100,0.603776,0.606905
extreme,game_theoretic_social,fairness_index,0.929049,0.005728,100,0.927926,0.930172
extreme,game_theoretic_social,trust_stability_index,0.700370,0.007823,100,0.698836,0.701903
extreme,game_theoretic_social,privacy_exposure_risk,0.549592,0.006169,100,0.548383,0.550802
extreme,game_theoretic_social,candidate_privacy_risk,0.575102,0.004903,100,0.574141,0.576063
extreme,game_theoretic_social,accepted_privacy_exposure,0.549592,0.006169,100,0.548383,0.550802
extreme,game_theoretic_social,avg_trust,0.437923,0.007934,100,0.436368,0.439478
extreme,game_theoretic_social,trust_variance,0.074908,0.001956,100,0.074524,0.075291
extreme,game_theoretic_social,avg_preference,0.556135,0.006677,100,0.554827,0.557444
extreme,game_theoretic_social,avg_reciprocity,0.522900,0.015676,100,0.519827,0.525972
extreme,game_theoretic_social,avg_privacy_risk,0.544847,0.006353,100,0.543601,0.546092
extreme,game_theoretic_social,avg_total_utility,0.580968,0.004662,100,0.580055,0.581882
extreme,game_theoretic_social,avg_system_utility,0.686230,0.001833,100,0.685870,0.686589
extreme,game_theoretic_social,avg_social_utility,0.696407,0.005683,100,0.695293,0.697520
extreme,game_theoretic_social,avg_resource_utility,0.977781,0.000091,100,0.977763,0.977799
extreme,game_theoretic_social,avg_privacy_utility,0.450408,0.006169,100,0.449198,0.451617
extreme,game_theoretic_social,avg_incentive_utility,0.751041,0.003914,100,0.750274,0.751808
extreme,game_theoretic_social,energy_consumed,0.105182,0.000669,100,0.105051,0.105314
extreme,game_theoretic_social,bandwidth_consumed,0.508863,0.003948,100,0.508090,0.509637
extreme,game_theoretic_social,compute_consumed,0.678632,0.004813,100,0.677688,0.679575
extreme,game_theoretic_social,throughput_mbps,52.892320,0.728492,100,52.749536,53.035104
extreme,game_theoretic_social,packet_delivery_ratio,0.634211,0.008359,100,0.632573,0.635850
extreme,game_theoretic_social,e2e_delay_ms,95.396845,0.474606,100,95.303823,95.489868
extreme,game_theoretic_social,active_nodes,49.257160,0.140172,100,49.229686,49.284634
high,game_theoretic_social,generated_tasks,7.000700,0.035348,100,6.993772,7.007628
high,game_theoretic_social,completed_tasks,4.980320,0.063906,100,4.967794,4.992846
high,game_theoretic_social,attempted_interactions,7.000540,0.035424,100,6.993597,7.007483
high,game_theoretic_social,successful_cooperations,4.980320,0.063906,100,4.967794,4.992846
high,game_theoretic_social,failed_interactions,2.020220,0.066097,100,2.007265,2.033175
high,game_theoretic_social,blocked_privacy_interactions,0.000000,0.000000,100,0.000000,0.000000
high,game_theoretic_social,cooperation_rate,0.711402,0.008997,100,0.709639,0.713166
high,game_theoretic_social,task_completion_ratio,0.711384,0.009000,100,0.709620,0.713148
high,game_theoretic_social,reliability_score,0.711402,0.008997,100,0.709639,0.713166
high,game_theoretic_social,resource_efficiency,0.689225,0.008720,100,0.687516,0.690934
high,game_theoretic_social,fairness_index,0.880346,0.013470,100,0.877706,0.882986
high,game_theoretic_social,trust_stability_index,0.706674,0.006892,100,0.705323,0.708025
high,game_theoretic_social,privacy_exposure_risk,0.487247,0.006579,100,0.485957,0.488536
high,game_theoretic_social,candidate_privacy_risk,0.530869,0.005105,100,0.529868,0.531869
high,game_theoretic_social,accepted_privacy_exposure,0.487247,0.006579,100,0.485957,0.488536
high,game_theoretic_social,avg_trust,0.472872,0.009237,100,0.471061,0.474682
high,game_theoretic_social,trust_variance,0.073332,0.001723,100,0.072994,0.073669
high,game_theoretic_social,avg_preference,0.573568,0.007283,100,0.572141,0.574996
high,game_theoretic_social,avg_reciprocity,0.562266,0.018474,100,0.558645,0.565887
high,game_theoretic_social,avg_privacy_risk,0.487233,0.006582,100,0.485943,0.488523
high,game_theoretic_social,avg_total_utility,0.630866,0.005123,100,0.629862,0.631870
high,game_theoretic_social,avg_system_utility,0.741137,0.001868,100,0.740771,0.741503
high,game_theoretic_social,avg_social_utility,0.742296,0.006335,100,0.741054,0.743537
high,game_theoretic_social,avg_resource_utility,0.981836,0.000085,100,0.981819,0.981853
high,game_theoretic_social,avg_privacy_utility,0.512753,0.006579,100,0.511464,0.514043
high,game_theoretic_social,avg_incentive_utility,0.788549,0.004266,100,0.787712,0.789385
high,game_theoretic_social,energy_consumed,0.064790,0.000493,100,0.064693,0.064887
high,game_theoretic_social,bandwidth_consumed,0.274826,0.002326,100,0.274370,0.275282
high,game_theoretic_social,compute_consumed,0.366224,0.003466,100,0.365545,0.366903
high,game_theoretic_social,throughput_mbps,39.842560,0.511251,100,39.742355,39.942765
high,game_theoretic_social,packet_delivery_ratio,0.711402,0.008997,100,0.709639,0.713166
high,game_theoretic_social,e2e_delay_ms,95.123855,0.596546,100,95.006932,95.240778
high,game_theoretic_social,active_nodes,49.998800,0.002814,100,49.998248,49.999352
low,game_theoretic_social,generated_tasks,1.496600,0.019487,100,1.492780,1.500420
low,game_theoretic_social,completed_tasks,1.183820,0.030179,100,1.177905,1.189735
low,game_theoretic_social,attempted_interactions,1.496600,0.019487,100,1.492780,1.500420
low,game_theoretic_social,successful_cooperations,1.183820,0.030179,100,1.177905,1.189735
low,game_theoretic_social,failed_interactions,0.312780,0.024367,100,0.308004,0.317556
low,game_theoretic_social,blocked_privacy_interactions,0.000000,0.000000,100,0.000000,0.000000
low,game_theoretic_social,cooperation_rate,0.791630,0.017494,100,0.788201,0.795059
low,game_theoretic_social,task_completion_ratio,0.791630,0.017494,100,0.788201,0.795059
low,game_theoretic_social,reliability_score,0.791630,0.017494,100,0.788201,0.795059
low,game_theoretic_social,resource_efficiency,0.776620,0.017171,100,0.773254,0.779986
low,game_theoretic_social,fairness_index,0.752497,0.023525,100,0.747886,0.757108
low,game_theoretic_social,trust_stability_index,0.791126,0.005635,100,0.790022,0.792231
low,game_theoretic_social,privacy_exposure_risk,0.327836,0.006695,100,0.326524,0.329148
low,game_theoretic_social,candidate_privacy_risk,0.373845,0.008768,100,0.372127,0.375564
low,game_theoretic_social,accepted_privacy_exposure,0.327836,0.006695,100,0.326524,0.329148
low,game_theoretic_social,avg_trust,0.563102,0.009700,100,0.561201,0.565003
low,game_theoretic_social,trust_variance,0.052218,0.001409,100,0.051942,0.052495
low,game_theoretic_social,avg_preference,0.602369,0.008033,100,0.600794,0.603943
low,game_theoretic_social,avg_reciprocity,0.620847,0.019351,100,0.617054,0.624640
low,game_theoretic_social,avg_privacy_risk,0.327836,0.006695,100,0.326524,0.329148
low,game_theoretic_social,avg_total_utility,0.650946,0.005988,100,0.649772,0.652119
low,game_theoretic_social,avg_system_utility,0.797488,0.002060,100,0.797084,0.797892
low,game_theoretic_social,avg_social_utility,0.746576,0.007254,100,0.745154,0.747998
low,game_theoretic_social,avg_resource_utility,0.988874,0.000105,100,0.988853,0.988894
low,game_theoretic_social,avg_privacy_utility,0.672164,0.006695,100,0.670852,0.673476
low,game_theoretic_social,avg_incentive_utility,0.789481,0.005520,100,0.788399,0.790563
low,game_theoretic_social,energy_consumed,0.010686,0.000169,100,0.010652,0.010719
low,game_theoretic_social,bandwidth_consumed,0.034505,0.000631,100,0.034382,0.034629
low,game_theoretic_social,compute_consumed,0.046067,0.000913,100,0.045888,0.046246
low,game_theoretic_social,throughput_mbps,9.470560,0.241435,100,9.423239,9.517881
low,game_theoretic_social,packet_delivery_ratio,0.791630,0.017494,100,0.788201,0.795059
low,game_theoretic_social,e2e_delay_ms,82.289853,1.623004,100,81.971744,82.607962
low,game_theoretic_social,active_nodes,50.000000,0.000000,100,50.000000,50.000000
medium,game_theoretic_social,generated_tasks,4.004780,0.039396,100,3.997058,4.012502
medium,game_theoretic_social,completed_tasks,3.039320,0.059043,100,3.027748,3.050892
medium,game_theoretic_social,attempted_interactions,4.004780,0.039396,100,3.997058,4.012502
medium,game_theoretic_social,successful_cooperations,3.039320,0.059043,100,3.027748,3.050892
medium,game_theoretic_social,failed_interactions,0.965460,0.044868,100,0.956666,0.974254
medium,game_theoretic_social,blocked_privacy_interactions,0.000000,0.000000,100,0.000000,0.000000
medium,game_theoretic_social,cooperation_rate,0.758992,0.011693,100,0.756701,0.761284
medium,game_theoretic_social,task_completion_ratio,0.758992,0.011693,100,0.756701,0.761284
medium,game_theoretic_social,reliability_score,0.758992,0.011693,100,0.756701,0.761284
medium,game_theoretic_social,resource_efficiency,0.740126,0.011379,100,0.737896,0.742357
medium,game_theoretic_social,fairness_index,0.840464,0.016426,100,0.837245,0.843684
medium,game_theoretic_social,trust_stability_index,0.721598,0.005459,100,0.720528,0.722667
medium,game_theoretic_social,privacy_exposure_risk,0.404853,0.006829,100,0.403515,0.406191
medium,game_theoretic_social,candidate_privacy_risk,0.452610,0.007359,100,0.451167,0.454052
medium,game_theoretic_social,accepted_privacy_exposure,0.404853,0.006829,100,0.403515,0.406191
medium,game_theoretic_social,avg_trust,0.521197,0.009527,100,0.519330,0.523065
medium,game_theoretic_social,trust_variance,0.069601,0.001365,100,0.069333,0.069868
medium,game_theoretic_social,avg_preference,0.594720,0.006949,100,0.593358,0.596082
medium,game_theoretic_social,avg_reciprocity,0.595376,0.016480,100,0.592146,0.598606
medium,game_theoretic_social,avg_privacy_risk,0.404853,0.006829,100,0.403515,0.406191
medium,game_theoretic_social,avg_total_utility,0.655063,0.005858,100,0.653915,0.656211
medium,game_theoretic_social,avg_system_utility,0.773781,0.001831,100,0.773422,0.774140
medium,game_theoretic_social,avg_social_utility,0.762606,0.007241,100,0.761187,0.764026
medium,game_theoretic_social,avg_resource_utility,0.985463,0.000088,100,0.985446,0.985481
medium,game_theoretic_social,avg_privacy_utility,0.595147,0.006829,100,0.593809,0.596485
medium,game_theoretic_social,avg_incentive_utility,0.803228,0.005082,100,0.802232,0.804225
medium,game_theoretic_social,energy_consumed,0.033668,0.000384,100,0.033592,0.033743
medium,game_theoretic_social,bandwidth_consumed,0.123079,0.001712,100,0.122743,0.123414
medium,game_theoretic_social,compute_consumed,0.164143,0.002110,100,0.163729,0.164556
medium,game_theoretic_social,throughput_mbps,24.314560,0.472344,100,24.221981,24.407139
medium,game_theoretic_social,packet_delivery_ratio,0.758992,0.011693,100,0.756701,0.761284
medium,game_theoretic_social,e2e_delay_ms,94.367380,0.825242,100,94.205632,94.529127
medium,game_theoretic_social,active_nodes,50.000000,0.000000,100,50.000000,50.000000
extreme,greedy_utility,generated_tasks,10.494480,0.048155,100,10.485042,10.503918
extreme,greedy_utility,completed_tasks,6.630080,0.090742,100,6.612294,6.647866
extreme,greedy_utility,attempted_interactions,10.494300,0.048063,100,10.484880,10.503720
extreme,greedy_utility,successful_cooperations,6.630080,0.090742,100,6.612294,6.647866
extreme,greedy_utility,failed_interactions,3.864220,0.093063,100,3.845980,3.882460
extreme,greedy_utility,blocked_privacy_interactions,0.000000,0.000000,100,0.000000,0.000000
extreme,greedy_utility,cooperation_rate,0.631677,0.008666,100,0.629979,0.633376
extreme,greedy_utility,task_completion_ratio,0.631667,0.008669,100,0.629968,0.633366
extreme,greedy_utility,reliability_score,0.631677,0.008666,100,0.629979,0.633376
extreme,greedy_utility,resource_efficiency,0.607558,0.008368,100,0.605917,0.609198
extreme,greedy_utility,fairness_index,0.960726,0.003374,100,0.960064,0.961387
extreme,greedy_utility,trust_stability_index,0.703198,0.005501,100,0.702120,0.704276
extreme,greedy_utility,privacy_exposure_risk,0.500000,0.000000,100,0.500000,0.500000
extreme,greedy_utility,candidate_privacy_risk,0.499992,0.000031,100,0.499986,0.499998
extreme,greedy_utility,accepted_privacy_exposure,0.500000,0.000000,100,0.500000,0.500000
extreme,greedy_utility,avg_trust,0.586424,0.008094,100,0.584837,0.588010
extreme,greedy_utility,trust_variance,0.074201,0.001375,100,0.073931,0.074470
extreme,greedy_utility,avg_preference,0.647872,0.006043,100,0.646688,0.649057
extreme,greedy_utility,avg_reciprocity,0.686989,0.012445,100,0.684550,0.689429
extreme,greedy_utility,avg_privacy_risk,0.499992,0.000031,100,0.499986,0.499998
extreme,greedy_utility,avg_total_utility,0.740607,0.003054,100,0.740009,0.741206
extreme,greedy_utility,avg_system_utility,0.683637,0.003242,100,0.683002,0.684273
extreme,greedy_utility,avg_social_utility,0.619113,0.001400,100,0.618838,0.619387
extreme,greedy_utility,avg_resource_utility,0.977791,0.000100,100,0.977771,0.977811
extreme,greedy_utility,avg_privacy_utility,0.500000,0.000000,100,0.500000,0.500000
extreme,greedy_utility,avg_incentive_utility,0.591457,0.000490,100,0.591361,0.591553
extreme,greedy_utility,energy_consumed,0.105834,0.000654,100,0.105706,0.105962
extreme,greedy_utility,bandwidth_consumed,0.512340,0.004146,100,0.511527,0.513152
extreme,greedy_utility,compute_consumed,0.682553,0.004992,100,0.681574,0.683531
extreme,greedy_utility,throughput_mbps,53.040640,0.725939,100,52.898356,53.182924
extreme,greedy_utility,packet_delivery_ratio,0.631677,0.008666,100,0.629979,0.633376
extreme,greedy_utility,e2e_delay_ms,96.953827,0.622384,100,96.831840,97.075815
extreme,greedy_utility,active_nodes,49.999020,0.002211,100,49.998587,49.999453
high,greedy_utility,generated_tasks,7.000940,0.034654,100,6.994148,7.007732
high,greedy_utility,completed_tasks,5.078800,0.055080,100,5.068004,5.089596
high,greedy_utility,attempted_interactions,7.000940,0.034654,100,6.994148,7.007732
high,greedy_utility,successful_cooperations,5.078800,0.055080,100,5.068004,5.089596
high,greedy_utility,failed_interactions,1.922140,0.054579,100,1.911443,1.932837
high,greedy_utility,blocked_privacy_interactions,0.000000,0.000000,100,0.000000,0.000000
high,greedy_utility,cooperation_rate,0.725427,0.007671,100,0.723923,0.726930
high,greedy_utility,task_completion_ratio,0.725427,0.007671,100,0.723923,0.726930
high,greedy_utility,reliability_score,0.725427,0.007671,100,0.723923,0.726930
high,greedy_utility,resource_efficiency,0.702833,0.007432,100,0.701376,0.704290
high,greedy_utility,fairness_index,0.927566,0.007709,100,0.926055,0.929077
high,greedy_utility,trust_stability_index,0.746541,0.007748,100,0.745022,0.748059
high,greedy_utility,privacy_exposure_risk,0.500000,0.000000,100,0.500000,0.500000
high,greedy_utility,candidate_privacy_risk,0.500000,0.000000,100,0.500000,0.500000
high,greedy_utility,accepted_privacy_exposure,0.500000,0.000000,100,0.500000,0.500000
high,greedy_utility,avg_trust,0.623048,0.008258,100,0.621429,0.624667
high,greedy_utility,trust_variance,0.063365,0.001937,100,0.062985,0.063745
high,greedy_utility,avg_preference,0.664464,0.006140,100,0.663261,0.665668
high,greedy_utility,avg_reciprocity,0.707570,0.011900,100,0.705237,0.709902
high,greedy_utility,avg_privacy_risk,0.500000,0.000000,100,0.500000,0.500000
high,greedy_utility,avg_total_utility,0.805185,0.001497,100,0.804892,0.805478
high,greedy_utility,avg_system_utility,0.749842,0.001638,100,0.749521,0.750163
high,greedy_utility,avg_social_utility,0.623363,0.001546,100,0.623060,0.623666
high,greedy_utility,avg_resource_utility,0.981837,0.000089,100,0.981820,0.981854
high,greedy_utility,avg_privacy_utility,0.500000,0.000000,100,0.500000,0.500000
high,greedy_utility,avg_incentive_utility,0.601320,0.000268,100,0.601267,0.601373
high,greedy_utility,energy_consumed,0.064793,0.000497,100,0.064695,0.064890
high,greedy_utility,bandwidth_consumed,0.274756,0.002326,100,0.274300,0.275212
high,greedy_utility,compute_consumed,0.366342,0.003446,100,0.365666,0.367017
high,greedy_utility,throughput_mbps,40.630400,0.440638,100,40.544035,40.716765
high,greedy_utility,packet_delivery_ratio,0.725427,0.007671,100,0.723923,0.726930
high,greedy_utility,e2e_delay_ms,96.963554,0.690510,100,96.828214,97.098894
high,greedy_utility,active_nodes,50.000000,0.000000,100,50.000000,50.000000
low,greedy_utility,generated_tasks,1.496600,0.019487,100,1.492780,1.500420
low,greedy_utility,completed_tasks,1.205580,0.028883,100,1.199919,1.211241
low,greedy_utility,attempted_interactions,1.496600,0.019487,100,1.492780,1.500420
low,greedy_utility,successful_cooperations,1.205580,0.028883,100,1.199919,1.211241
low,greedy_utility,failed_interactions,0.291020,0.023121,100,0.286488,0.295552
low,greedy_utility,blocked_privacy_interactions,0.000000,0.000000,100,0.000000,0.000000
low,greedy_utility,cooperation_rate,0.805970,0.016679,100,0.802701,0.809239
low,greedy_utility,task_completion_ratio,0.805970,0.016679,100,0.802701,0.809239
low,greedy_utility,reliability_score,0.805970,0.016679,100,0.802701,0.809239
low,greedy_utility,resource_efficiency,0.790686,0.016362,100,0.787479,0.793893
low,greedy_utility,fairness_index,0.831539,0.017116,100,0.828185,0.834894
low,greedy_utility,trust_stability_index,0.823877,0.006292,100,0.822644,0.825111
low,greedy_utility,privacy_exposure_risk,0.500000,0.000000,100,0.500000,0.500000
low,greedy_utility,candidate_privacy_risk,0.500000,0.000000,100,0.500000,0.500000
low,greedy_utility,accepted_privacy_exposure,0.500000,0.000000,100,0.500000,0.500000
low,greedy_utility,avg_trust,0.614861,0.008245,100,0.613245,0.616477
low,greedy_utility,trust_variance,0.044031,0.001573,100,0.043722,0.044339
low,greedy_utility,avg_preference,0.636040,0.006898,100,0.634688,0.637392
low,greedy_utility,avg_reciprocity,0.694226,0.015788,100,0.691132,0.697321
low,greedy_utility,avg_privacy_risk,0.500000,0.000000,100,0.500000,0.500000
low,greedy_utility,avg_total_utility,0.861135,0.001564,100,0.860828,0.861441
low,greedy_utility,avg_system_utility,0.806044,0.001721,100,0.805707,0.806382
low,greedy_utility,avg_social_utility,0.623969,0.001743,100,0.623627,0.624310
low,greedy_utility,avg_resource_utility,0.988874,0.000105,100,0.988853,0.988894
low,greedy_utility,avg_privacy_utility,0.500000,0.000000,100,0.500000,0.500000
low,greedy_utility,avg_incentive_utility,0.610043,0.000293,100,0.609985,0.610100
low,greedy_utility,energy_consumed,0.010686,0.000169,100,0.010652,0.010719
low,greedy_utility,bandwidth_consumed,0.034505,0.000631,100,0.034382,0.034629
low,greedy_utility,compute_consumed,0.046067,0.000913,100,0.045888,0.046246
low,greedy_utility,throughput_mbps,9.644640,0.231061,100,9.599352,9.689928
low,greedy_utility,packet_delivery_ratio,0.805970,0.016679,100,0.802701,0.809239
low,greedy_utility,e2e_delay_ms,85.766510,1.697167,100,85.433866,86.099155
low,greedy_utility,active_nodes,50.000000,0.000000,100,50.000000,50.000000
medium,greedy_utility,generated_tasks,4.004780,0.039396,100,3.997058,4.012502
medium,greedy_utility,completed_tasks,3.082720,0.051747,100,3.072578,3.092862
medium,greedy_utility,attempted_interactions,4.004780,0.039396,100,3.997058,4.012502
medium,greedy_utility,successful_cooperations,3.082720,0.051747,100,3.072578,3.092862
medium,greedy_utility,failed_interactions,0.922060,0.038572,100,0.914500,0.929620
medium,greedy_utility,blocked_privacy_interactions,0.000000,0.000000,100,0.000000,0.000000
medium,greedy_utility,cooperation_rate,0.769682,0.009872,100,0.767747,0.771617
medium,greedy_utility,task_completion_ratio,0.769682,0.009872,100,0.767747,0.771617
medium,greedy_utility,reliability_score,0.769682,0.009872,100,0.767747,0.771617
medium,greedy_utility,resource_efficiency,0.750552,0.009599,100,0.748670,0.752433
medium,greedy_utility,fairness_index,0.895026,0.012207,100,0.892633,0.897418
medium,greedy_utility,trust_stability_index,0.777159,0.007293,100,0.775730,0.778589
medium,greedy_utility,privacy_exposure_risk,0.500000,0.000000,100,0.500000,0.500000
medium,greedy_utility,candidate_privacy_risk,0.500000,0.000000,100,0.500000,0.500000
medium,greedy_utility,accepted_privacy_exposure,0.500000,0.000000,100,0.500000,0.500000
medium,greedy_utility,avg_trust,0.629853,0.008611,100,0.628165,0.631541
medium,greedy_utility,trust_variance,0.055710,0.001823,100,0.055353,0.056068
medium,greedy_utility,avg_preference,0.660986,0.006351,100,0.659741,0.662231
medium,greedy_utility,avg_reciprocity,0.709494,0.012450,100,0.707054,0.711934
medium,greedy_utility,avg_privacy_risk,0.500000,0.000000,100,0.500000,0.500000
medium,greedy_utility,avg_total_utility,0.835149,0.001449,100,0.834865,0.835433
medium,greedy_utility,avg_system_utility,0.779974,0.001555,100,0.779669,0.780279
medium,greedy_utility,avg_social_utility,0.623954,0.001529,100,0.623655,0.624254
medium,greedy_utility,avg_resource_utility,0.985463,0.000088,100,0.985446,0.985481
medium,greedy_utility,avg_privacy_utility,0.500000,0.000000,100,0.500000,0.500000
medium,greedy_utility,avg_incentive_utility,0.605979,0.000248,100,0.605931,0.606028
medium,greedy_utility,energy_consumed,0.033668,0.000384,100,0.033592,0.033743
medium,greedy_utility,bandwidth_consumed,0.123079,0.001712,100,0.122743,0.123414
medium,greedy_utility,compute_consumed,0.164143,0.002110,100,0.163729,0.164556
medium,greedy_utility,throughput_mbps,24.661760,0.413978,100,24.580620,24.742900
medium,greedy_utility,packet_delivery_ratio,0.769682,0.009872,100,0.767747,0.771617
medium,greedy_utility,e2e_delay_ms,96.537500,0.718723,100,96.396630,96.678370
medium,greedy_utility,active_nodes,50.000000,0.000000,100,50.000000,50.000000
extreme,honesty_based_social,generated_tasks,10.493040,0.047018,100,10.483824,10.502256
extreme,honesty_based_social,completed_tasks,6.421040,0.079577,100,6.405443,6.436637
extreme,honesty_based_social,attempted_interactions,10.440000,0.051461,100,10.429914,10.450086
extreme,honesty_based_social,successful_cooperations,6.421040,0.079577,100,6.405443,6.436637
extreme,honesty_based_social,failed_interactions,4.018960,0.080489,100,4.003184,4.034736
extreme,honesty_based_social,blocked_privacy_interactions,0.000000,0.000000,100,0.000000,0.000000
extreme,honesty_based_social,cooperation_rate,0.614986,0.007313,100,0.613553,0.616419
extreme,honesty_based_social,task_completion_ratio,0.611953,0.007414,100,0.610499,0.613406
extreme,honesty_based_social,reliability_score,0.614986,0.007313,100,0.613553,0.616419
extreme,honesty_based_social,resource_efficiency,0.588705,0.007134,100,0.587307,0.590103
extreme,honesty_based_social,fairness_index,0.939191,0.006438,100,0.937929,0.940453
extreme,honesty_based_social,trust_stability_index,0.750470,0.011485,100,0.748219,0.752721
extreme,honesty_based_social,privacy_exposure_risk,0.500000,0.000000,100,0.500000,0.500000
extreme,honesty_based_social,candidate_privacy_risk,0.497503,0.000968,100,0.497313,0.497693
extreme,honesty_based_social,accepted_privacy_exposure,0.500000,0.000000,100,0.500000,0.500000
extreme,honesty_based_social,avg_trust,0.377844,0.009137,100,0.376053,0.379635
extreme,honesty_based_social,trust_variance,0.062383,0.002871,100,0.061820,0.062945
extreme,honesty_based_social,avg_preference,0.541561,0.005279,100,0.540526,0.542596
extreme,honesty_based_social,avg_reciprocity,0.719334,0.010480,100,0.717280,0.721388
extreme,honesty_based_social,avg_privacy_risk,0.497503,0.000968,100,0.497313,0.497693
extreme,honesty_based_social,avg_total_utility,0.563787,0.005110,100,0.562786,0.564789
extreme,honesty_based_social,avg_system_utility,0.672750,0.001899,100,0.672378,0.673122
extreme,honesty_based_social,avg_social_utility,0.529027,0.004559,100,0.528134,0.529921
extreme,honesty_based_social,avg_resource_utility,0.977800,0.000092,100,0.977782,0.977818
extreme,honesty_based_social,avg_privacy_utility,0.500000,0.000000,100,0.500000,0.500000
extreme,honesty_based_social,avg_incentive_utility,0.602355,0.002148,100,0.601934,0.602776
extreme,honesty_based_social,energy_consumed,0.105312,0.000667,100,0.105182,0.105443
extreme,honesty_based_social,bandwidth_consumed,0.508951,0.004096,100,0.508148,0.509754
extreme,honesty_based_social,compute_consumed,0.679313,0.004917,100,0.678350,0.680277
extreme,honesty_based_social,throughput_mbps,51.368320,0.636615,100,51.243543,51.493097
extreme,honesty_based_social,packet_delivery_ratio,0.614986,0.007313,100,0.613553,0.616419
extreme,honesty_based_social,e2e_delay_ms,96.782006,0.452732,100,96.693271,96.870742
extreme,honesty_based_social,active_nodes,49.517500,0.164665,100,49.485226,49.549774
high,honesty_based_social,generated_tasks,6.999880,0.031548,100,6.993697,7.006063
high,honesty_based_social,completed_tasks,4.820420,0.066404,100,4.807405,4.833435
high,honesty_based_social,attempted_interactions,6.999440,0.031698,100,6.993227,7.005653
high,honesty_based_social,successful_cooperations,4.820420,0.066404,100,4.807405,4.833435
high,honesty_based_social,failed_interactions,2.179020,0.065785,100,2.166126,2.191914
high,honesty_based_social,blocked_privacy_interactions,0.000000,0.000000,100,0.000000,0.000000
high,honesty_based_social,cooperation_rate,0.688562,0.009292,100,0.686740,0.690383
high,honesty_based_social,task_completion_ratio,0.688516,0.009275,100,0.686698,0.690334
high,honesty_based_social,reliability_score,0.688562,0.009292,100,0.686740,0.690383
high,honesty_based_social,resource_efficiency,0.667066,0.008993,100,0.665303,0.668829
high,honesty_based_social,fairness_index,0.889225,0.014453,100,0.886393,0.892058
high,honesty_based_social,trust_stability_index,0.735035,0.008367,100,0.733396,0.736675
high,honesty_based_social,privacy_exposure_risk,0.500000,0.000000,100,0.500000,0.500000
high,honesty_based_social,candidate_privacy_risk,0.499969,0.000084,100,0.499952,0.499985
high,honesty_based_social,accepted_privacy_exposure,0.500000,0.000000,100,0.500000,0.500000
high,honesty_based_social,avg_trust,0.422171,0.008462,100,0.420513,0.423830
high,honesty_based_social,trust_variance,0.066241,0.002092,100,0.065831,0.066651
high,honesty_based_social,avg_preference,0.556356,0.005404,100,0.555297,0.557416
high,honesty_based_social,avg_reciprocity,0.694348,0.011490,100,0.692096,0.696600
high,honesty_based_social,avg_privacy_risk,0.499969,0.000084,100,0.499952,0.499985
high,honesty_based_social,avg_total_utility,0.627837,0.007641,100,0.626340,0.629335
high,honesty_based_social,avg_system_utility,0.723131,0.001440,100,0.722849,0.723414
high,honesty_based_social,avg_social_utility,0.571475,0.007206,100,0.570062,0.572887
high,honesty_based_social,avg_resource_utility,0.981834,0.000083,100,0.981817,0.981850
high,honesty_based_social,avg_privacy_utility,0.500000,0.000000,100,0.500000,0.500000
high,honesty_based_social,avg_incentive_utility,0.628142,0.003236,100,0.627508,0.628777
high,honesty_based_social,energy_consumed,0.064791,0.000458,100,0.064701,0.064881
high,honesty_based_social,bandwidth_consumed,0.274721,0.002108,100,0.274308,0.275134
high,honesty_based_social,compute_consumed,0.366351,0.003129,100,0.365738,0.366965
high,honesty_based_social,throughput_mbps,38.563360,0.531231,100,38.459239,38.667481
high,honesty_based_social,packet_delivery_ratio,0.688562,0.009292,100,0.686740,0.690383
high,honesty_based_social,e2e_delay_ms,96.845974,0.575239,100,96.733227,96.958721
high,honesty_based_social,active_nodes,49.994980,0.010365,100,49.992948,49.997012
low,honesty_based_social,generated_tasks,1.496600,0.019487,100,1.492780,1.500420
low,honesty_based_social,completed_tasks,1.170240,0.030679,100,1.164227,1.176253
low,honesty_based_social,attempted_interactions,1.496600,0.019487,100,1.492780,1.500420
low,honesty_based_social,successful_cooperations,1.170240,0.030679,100,1.164227,1.176253
low,honesty_based_social,failed_interactions,0.326360,0.026221,100,0.321221,0.331499
low,honesty_based_social,blocked_privacy_interactions,0.000000,0.000000,100,0.000000,0.000000
low,honesty_based_social,cooperation_rate,0.782180,0.018871,100,0.778481,0.785879
low,honesty_based_social,task_completion_ratio,0.782180,0.018871,100,0.778481,0.785879
low,honesty_based_social,reliability_score,0.782180,0.018871,100,0.778481,0.785879
low,honesty_based_social,resource_efficiency,0.767354,0.018525,100,0.763723,0.770985
low,honesty_based_social,fairness_index,0.716786,0.024296,100,0.712024,0.721548
low,honesty_based_social,trust_stability_index,0.789443,0.005985,100,0.788270,0.790615
low,honesty_based_social,privacy_exposure_risk,0.500000,0.000000,100,0.500000,0.500000
low,honesty_based_social,candidate_privacy_risk,0.500000,0.000000,100,0.500000,0.500000
low,honesty_based_social,accepted_privacy_exposure,0.500000,0.000000,100,0.500000,0.500000
low,honesty_based_social,avg_trust,0.555912,0.009287,100,0.554092,0.557732
low,honesty_based_social,trust_variance,0.052639,0.001496,100,0.052346,0.052933
low,honesty_based_social,avg_preference,0.595298,0.007217,100,0.593883,0.596712
low,honesty_based_social,avg_reciprocity,0.652747,0.016397,100,0.649533,0.655961
low,honesty_based_social,avg_privacy_risk,0.500000,0.000000,100,0.500000,0.500000
low,honesty_based_social,avg_total_utility,0.729357,0.007485,100,0.727890,0.730824
low,honesty_based_social,avg_system_utility,0.789623,0.002195,100,0.789193,0.790054
low,honesty_based_social,avg_social_utility,0.644491,0.006762,100,0.643166,0.645817
low,honesty_based_social,avg_resource_utility,0.988874,0.000105,100,0.988853,0.988894
low,honesty_based_social,avg_privacy_utility,0.500000,0.000000,100,0.500000,0.500000
low,honesty_based_social,avg_incentive_utility,0.669635,0.003156,100,0.669017,0.670254
low,honesty_based_social,energy_consumed,0.010686,0.000169,100,0.010652,0.010719
low,honesty_based_social,bandwidth_consumed,0.034505,0.000631,100,0.034382,0.034629
low,honesty_based_social,compute_consumed,0.046067,0.000913,100,0.045888,0.046246
low,honesty_based_social,throughput_mbps,9.361920,0.245431,100,9.313815,9.410025
low,honesty_based_social,packet_delivery_ratio,0.782180,0.018871,100,0.778481,0.785879
low,honesty_based_social,e2e_delay_ms,84.029674,1.903826,100,83.656524,84.402824
low,honesty_based_social,active_nodes,50.000000,0.000000,100,50.000000,50.000000
medium,honesty_based_social,generated_tasks,4.004780,0.039396,100,3.997058,4.012502
medium,honesty_based_social,completed_tasks,2.968140,0.058886,100,2.956598,2.979682
medium,honesty_based_social,attempted_interactions,4.004780,0.039396,100,3.997058,4.012502
medium,honesty_based_social,successful_cooperations,2.968140,0.058886,100,2.956598,2.979682
medium,honesty_based_social,failed_interactions,1.036640,0.044949,100,1.027830,1.045450
medium,honesty_based_social,blocked_privacy_interactions,0.000000,0.000000,100,0.000000,0.000000
medium,honesty_based_social,cooperation_rate,0.741225,0.011815,100,0.738909,0.743540
medium,honesty_based_social,task_completion_ratio,0.741225,0.011815,100,0.738909,0.743540
medium,honesty_based_social,reliability_score,0.741225,0.011815,100,0.738909,0.743540
medium,honesty_based_social,resource_efficiency,0.722801,0.011501,100,0.720547,0.725056
medium,honesty_based_social,fairness_index,0.827877,0.017968,100,0.824355,0.831398
medium,honesty_based_social,trust_stability_index,0.725209,0.005851,100,0.724062,0.726356
medium,honesty_based_social,privacy_exposure_risk,0.500000,0.000000,100,0.500000,0.500000
medium,honesty_based_social,candidate_privacy_risk,0.500000,0.000000,100,0.500000,0.500000
medium,honesty_based_social,accepted_privacy_exposure,0.500000,0.000000,100,0.500000,0.500000
medium,honesty_based_social,avg_trust,0.492061,0.008580,100,0.490379,0.493742
medium,honesty_based_social,trust_variance,0.068698,0.001463,100,0.068411,0.068984
medium,honesty_based_social,avg_preference,0.581014,0.005583,100,0.579920,0.582109
medium,honesty_based_social,avg_reciprocity,0.667006,0.014140,100,0.664234,0.669777
medium,honesty_based_social,avg_privacy_risk,0.500000,0.000000,100,0.500000,0.500000
medium,honesty_based_social,avg_total_utility,0.692094,0.008819,100,0.690365,0.693822
medium,honesty_based_social,avg_system_utility,0.760126,0.001787,100,0.759776,0.760477
medium,honesty_based_social,avg_social_utility,0.619852,0.008140,100,0.618257,0.621448
medium,honesty_based_social,avg_resource_utility,0.985463,0.000088,100,0.985446,0.985481
medium,honesty_based_social,avg_privacy_utility,0.500000,0.000000,100,0.500000,0.500000
medium,honesty_based_social,avg_incentive_utility,0.654513,0.003707,100,0.653786,0.655239
medium,honesty_based_social,energy_consumed,0.033668,0.000384,100,0.033592,0.033743
medium,honesty_based_social,bandwidth_consumed,0.123079,0.001712,100,0.122743,0.123414
medium,honesty_based_social,compute_consumed,0.164143,0.002110,100,0.163729,0.164556
medium,honesty_based_social,throughput_mbps,23.745120,0.471089,100,23.652787,23.837453
medium,honesty_based_social,packet_delivery_ratio,0.741225,0.011815,100,0.738909,0.743540
medium,honesty_based_social,e2e_delay_ms,96.240012,0.790263,100,96.085121,96.394904
medium,honesty_based_social,active_nodes,50.000000,0.000000,100,50.000000,50.000000
extreme,nitti_subjective_trust,generated_tasks,10.504000,0.050065,100,10.494187,10.513813
extreme,nitti_subjective_trust,completed_tasks,6.046460,0.075635,100,6.031636,6.061284
extreme,nitti_subjective_trust,attempted_interactions,10.327920,0.061510,100,10.315864,10.339976
extreme,nitti_subjective_trust,successful_cooperations,6.046460,0.075635,100,6.031636,6.061284
extreme,nitti_subjective_trust,failed_interactions,4.281460,0.082486,100,4.265293,4.297627
extreme,nitti_subjective_trust,blocked_privacy_interactions,0.000000,0.000000,100,0.000000,0.000000
extreme,nitti_subjective_trust,cooperation_rate,0.585563,0.007236,100,0.584145,0.586981
extreme,nitti_subjective_trust,task_completion_ratio,0.575827,0.006826,100,0.574489,0.577165
extreme,nitti_subjective_trust,reliability_score,0.585563,0.007236,100,0.584145,0.586981
extreme,nitti_subjective_trust,resource_efficiency,0.554197,0.006588,100,0.552906,0.555489
extreme,nitti_subjective_trust,fairness_index,0.921492,0.007280,100,0.920065,0.922919
extreme,nitti_subjective_trust,trust_stability_index,0.686757,0.006273,100,0.685528,0.687987
extreme,nitti_subjective_trust,privacy_exposure_risk,0.500000,0.000000,100,0.500000,0.500000
extreme,nitti_subjective_trust,candidate_privacy_risk,0.491700,0.002066,100,0.491295,0.492105
extreme,nitti_subjective_trust,accepted_privacy_exposure,0.500000,0.000000,100,0.500000,0.500000
extreme,nitti_subjective_trust,avg_trust,0.456454,0.008608,100,0.454767,0.458141
extreme,nitti_subjective_trust,trust_variance,0.078311,0.001568,100,0.078003,0.078618
extreme,nitti_subjective_trust,avg_preference,0.561844,0.006112,100,0.560646,0.563042
extreme,nitti_subjective_trust,avg_reciprocity,0.611516,0.010872,100,0.609385,0.613647
extreme,nitti_subjective_trust,avg_privacy_risk,0.491700,0.002066,100,0.491295,0.492105
extreme,nitti_subjective_trust,avg_total_utility,0.481237,0.005245,100,0.480209,0.482265
extreme,nitti_subjective_trust,avg_system_utility,0.652150,0.001250,100,0.651904,0.652395
extreme,nitti_subjective_trust,avg_social_utility,0.455290,0.005162,100,0.454279,0.456302
extreme,nitti_subjective_trust,avg_resource_utility,0.977806,0.000084,100,0.977789,0.977822
extreme,nitti_subjective_trust,avg_privacy_utility,0.500000,0.000000,100,0.500000,0.500000
extreme,nitti_subjective_trust,avg_incentive_utility,0.567804,0.002260,100,0.567361,0.568247
extreme,nitti_subjective_trust,energy_consumed,0.104070,0.000747,100,0.103924,0.104216
extreme,nitti_subjective_trust,bandwidth_consumed,0.503528,0.004227,100,0.502700,0.504357
extreme,nitti_subjective_trust,compute_consumed,0.671524,0.005100,100,0.670524,0.672524
extreme,nitti_subjective_trust,throughput_mbps,48.371680,0.605079,100,48.253085,48.490275
extreme,nitti_subjective_trust,packet_delivery_ratio,0.585563,0.007236,100,0.584145,0.586981
extreme,nitti_subjective_trust,e2e_delay_ms,96.845328,0.442726,100,96.758553,96.932102
extreme,nitti_subjective_trust,active_nodes,48.404220,0.356651,100,48.334316,48.474124
high,nitti_subjective_trust,generated_tasks,6.998760,0.029715,100,6.992936,7.004584
high,nitti_subjective_trust,completed_tasks,4.570480,0.058994,100,4.558917,4.582043
high,nitti_subjective_trust,attempted_interactions,6.996640,0.029748,100,6.990809,7.002471
high,nitti_subjective_trust,successful_cooperations,4.570480,0.058994,100,4.558917,4.582043
high,nitti_subjective_trust,failed_interactions,2.426160,0.054786,100,2.415422,2.436898
high,nitti_subjective_trust,blocked_privacy_interactions,0.000000,0.000000,100,0.000000,0.000000
high,nitti_subjective_trust,cooperation_rate,0.653292,0.007945,100,0.651734,0.654849
high,nitti_subjective_trust,task_completion_ratio,0.653111,0.007970,100,0.651549,0.654673
high,nitti_subjective_trust,reliability_score,0.653292,0.007945,100,0.651734,0.654849
high,nitti_subjective_trust,resource_efficiency,0.632773,0.007734,100,0.631257,0.634289
high,nitti_subjective_trust,fairness_index,0.829150,0.017501,100,0.825720,0.832581
high,nitti_subjective_trust,trust_stability_index,0.707413,0.005887,100,0.706259,0.708567
high,nitti_subjective_trust,privacy_exposure_risk,0.500000,0.000000,100,0.500000,0.500000
high,nitti_subjective_trust,candidate_privacy_risk,0.499852,0.000170,100,0.499819,0.499886
high,nitti_subjective_trust,accepted_privacy_exposure,0.500000,0.000000,100,0.500000,0.500000
high,nitti_subjective_trust,avg_trust,0.491427,0.010637,100,0.489342,0.493512
high,nitti_subjective_trust,trust_variance,0.073147,0.001472,100,0.072858,0.073435
high,nitti_subjective_trust,avg_preference,0.575744,0.007265,100,0.574320,0.577167
high,nitti_subjective_trust,avg_reciprocity,0.616190,0.012898,100,0.613662,0.618718
high,nitti_subjective_trust,avg_privacy_risk,0.499852,0.000170,100,0.499819,0.499886
high,nitti_subjective_trust,avg_total_utility,0.520187,0.007968,100,0.518625,0.521749
high,nitti_subjective_trust,avg_system_utility,0.698511,0.002141,100,0.698091,0.698930
high,nitti_subjective_trust,avg_social_utility,0.474379,0.007402,100,0.472928,0.475830
high,nitti_subjective_trust,avg_resource_utility,0.981838,0.000080,100,0.981823,0.981854
high,nitti_subjective_trust,avg_privacy_utility,0.500000,0.000000,100,0.500000,0.500000
high,nitti_subjective_trust,avg_incentive_utility,0.583015,0.003386,100,0.582351,0.583678
high,nitti_subjective_trust,energy_consumed,0.064655,0.000443,100,0.064569,0.064742
high,nitti_subjective_trust,bandwidth_consumed,0.274614,0.002326,100,0.274159,0.275070
high,nitti_subjective_trust,compute_consumed,0.366082,0.003152,100,0.365464,0.366700
high,nitti_subjective_trust,throughput_mbps,36.563840,0.471949,100,36.471338,36.656342
high,nitti_subjective_trust,packet_delivery_ratio,0.653292,0.007945,100,0.651734,0.654849
high,nitti_subjective_trust,e2e_delay_ms,96.759733,0.619282,100,96.638354,96.881112
high,nitti_subjective_trust,active_nodes,49.977240,0.021892,100,49.972949,49.981531
low,nitti_subjective_trust,generated_tasks,1.496600,0.019487,100,1.492780,1.500420
low,nitti_subjective_trust,completed_tasks,1.095560,0.028315,100,1.090010,1.101110
low,nitti_subjective_trust,attempted_interactions,1.496600,0.019487,100,1.492780,1.500420
low,nitti_subjective_trust,successful_cooperations,1.095560,0.028315,100,1.090010,1.101110
low,nitti_subjective_trust,failed_interactions,0.401040,0.024343,100,0.396269,0.405811
low,nitti_subjective_trust,blocked_privacy_interactions,0.000000,0.000000,100,0.000000,0.000000
low,nitti_subjective_trust,cooperation_rate,0.732640,0.017781,100,0.729155,0.736125
low,nitti_subjective_trust,task_completion_ratio,0.732640,0.017781,100,0.729155,0.736125
low,nitti_subjective_trust,reliability_score,0.732640,0.017781,100,0.729155,0.736125
low,nitti_subjective_trust,resource_efficiency,0.718752,0.017457,100,0.715330,0.722173
low,nitti_subjective_trust,fairness_index,0.699068,0.026333,100,0.693907,0.704229
low,nitti_subjective_trust,trust_stability_index,0.793811,0.005575,100,0.792718,0.794903
low,nitti_subjective_trust,privacy_exposure_risk,0.500000,0.000000,100,0.500000,0.500000
low,nitti_subjective_trust,candidate_privacy_risk,0.500000,0.000000,100,0.500000,0.500000
low,nitti_subjective_trust,accepted_privacy_exposure,0.500000,0.000000,100,0.500000,0.500000
low,nitti_subjective_trust,avg_trust,0.560087,0.009120,100,0.558300,0.561875
low,nitti_subjective_trust,trust_variance,0.051547,0.001394,100,0.051274,0.051821
low,nitti_subjective_trust,avg_preference,0.594825,0.007428,100,0.593369,0.596281
low,nitti_subjective_trust,avg_reciprocity,0.636645,0.016727,100,0.633367,0.639924
low,nitti_subjective_trust,avg_privacy_risk,0.500000,0.000000,100,0.500000,0.500000
low,nitti_subjective_trust,avg_total_utility,0.550313,0.010636,100,0.548228,0.552398
low,nitti_subjective_trust,avg_system_utility,0.755918,0.002311,100,0.755465,0.756371
low,nitti_subjective_trust,avg_social_utility,0.479870,0.009803,100,0.477948,0.481791
low,nitti_subjective_trust,avg_resource_utility,0.988874,0.000105,100,0.988853,0.988894
low,nitti_subjective_trust,avg_privacy_utility,0.500000,0.000000,100,0.500000,0.500000
low,nitti_subjective_trust,avg_incentive_utility,0.594258,0.004482,100,0.593380,0.595137
low,nitti_subjective_trust,energy_consumed,0.010686,0.000169,100,0.010652,0.010719
low,nitti_subjective_trust,bandwidth_consumed,0.034505,0.000631,100,0.034382,0.034629
low,nitti_subjective_trust,compute_consumed,0.046067,0.000913,100,0.045888,0.046246
low,nitti_subjective_trust,throughput_mbps,8.764480,0.226521,100,8.720082,8.808878
low,nitti_subjective_trust,packet_delivery_ratio,0.732640,0.017781,100,0.729155,0.736125
low,nitti_subjective_trust,e2e_delay_ms,80.539373,1.847127,100,80.177336,80.901410
low,nitti_subjective_trust,active_nodes,50.000000,0.000000,100,50.000000,50.000000
medium,nitti_subjective_trust,generated_tasks,4.004780,0.039396,100,3.997058,4.012502
medium,nitti_subjective_trust,completed_tasks,2.799480,0.055894,100,2.788525,2.810435
medium,nitti_subjective_trust,attempted_interactions,4.004780,0.039396,100,3.997058,4.012502
medium,nitti_subjective_trust,successful_cooperations,2.799480,0.055894,100,2.788525,2.810435
medium,nitti_subjective_trust,failed_interactions,1.205300,0.043843,100,1.196707,1.213893
medium,nitti_subjective_trust,blocked_privacy_interactions,0.000000,0.000000,100,0.000000,0.000000
medium,nitti_subjective_trust,cooperation_rate,0.698932,0.011235,100,0.696730,0.701134
medium,nitti_subjective_trust,task_completion_ratio,0.698932,0.011235,100,0.696730,0.701134
medium,nitti_subjective_trust,reliability_score,0.698932,0.011235,100,0.696730,0.701134
medium,nitti_subjective_trust,resource_efficiency,0.681561,0.010939,100,0.679417,0.683705
medium,nitti_subjective_trust,fairness_index,0.776915,0.018764,100,0.773237,0.780592
medium,nitti_subjective_trust,trust_stability_index,0.729318,0.004750,100,0.728387,0.730249
medium,nitti_subjective_trust,privacy_exposure_risk,0.500000,0.000000,100,0.500000,0.500000
medium,nitti_subjective_trust,candidate_privacy_risk,0.500000,0.000000,100,0.500000,0.500000
medium,nitti_subjective_trust,accepted_privacy_exposure,0.500000,0.000000,100,0.500000,0.500000
medium,nitti_subjective_trust,avg_trust,0.533206,0.009281,100,0.531387,0.535025
medium,nitti_subjective_trust,trust_variance,0.067670,0.001187,100,0.067438,0.067903
medium,nitti_subjective_trust,avg_preference,0.594181,0.006793,100,0.592849,0.595512
medium,nitti_subjective_trust,avg_reciprocity,0.634977,0.015435,100,0.631952,0.638003
medium,nitti_subjective_trust,avg_privacy_risk,0.500000,0.000000,100,0.500000,0.500000
medium,nitti_subjective_trust,avg_total_utility,0.540538,0.008394,100,0.538893,0.542183
medium,nitti_subjective_trust,avg_system_utility,0.731271,0.001852,100,0.730908,0.731634
medium,nitti_subjective_trust,avg_social_utility,0.480661,0.007755,100,0.479141,0.482181
medium,nitti_subjective_trust,avg_resource_utility,0.985463,0.000088,100,0.985446,0.985481
medium,nitti_subjective_trust,avg_privacy_utility,0.500000,0.000000,100,0.500000,0.500000
medium,nitti_subjective_trust,avg_incentive_utility,0.590736,0.003540,100,0.590043,0.591430
medium,nitti_subjective_trust,energy_consumed,0.033668,0.000384,100,0.033592,0.033743
medium,nitti_subjective_trust,bandwidth_consumed,0.123079,0.001712,100,0.122743,0.123414
medium,nitti_subjective_trust,compute_consumed,0.164143,0.002110,100,0.163729,0.164556
medium,nitti_subjective_trust,throughput_mbps,22.395840,0.447149,100,22.308199,22.483481
medium,nitti_subjective_trust,packet_delivery_ratio,0.698932,0.011235,100,0.696730,0.701134
medium,nitti_subjective_trust,e2e_delay_ms,95.696048,0.800379,100,95.539174,95.852922
medium,nitti_subjective_trust,active_nodes,50.000000,0.000000,100,50.000000,50.000000
extreme,non_agentic_static,generated_tasks,10.497040,0.050738,100,10.487095,10.506985
extreme,non_agentic_static,completed_tasks,4.956380,0.085524,100,4.939617,4.973143
extreme,non_agentic_static,attempted_interactions,9.864740,0.049684,100,9.855002,9.874478
extreme,non_agentic_static,successful_cooperations,4.956380,0.085524,100,4.939617,4.973143
extreme,non_agentic_static,failed_interactions,4.908360,0.078457,100,4.892983,4.923737
extreme,non_agentic_static,blocked_privacy_interactions,0.000000,0.000000,100,0.000000,0.000000
extreme,non_agentic_static,cooperation_rate,0.502330,0.007924,100,0.500777,0.503883
extreme,non_agentic_static,task_completion_ratio,0.472439,0.007466,100,0.470975,0.473902
extreme,non_agentic_static,reliability_score,0.502330,0.007924,100,0.500777,0.503883
extreme,non_agentic_static,resource_efficiency,0.455374,0.007197,100,0.453964,0.456785
extreme,non_agentic_static,fairness_index,0.882821,0.008323,100,0.881190,0.884453
extreme,non_agentic_static,trust_stability_index,0.678068,0.003178,100,0.677445,0.678691
extreme,non_agentic_static,privacy_exposure_risk,0.500000,0.000000,100,0.500000,0.500000
extreme,non_agentic_static,candidate_privacy_risk,0.470211,0.001853,100,0.469847,0.470574
extreme,non_agentic_static,accepted_privacy_exposure,0.500000,0.000000,100,0.500000,0.500000
extreme,non_agentic_static,avg_trust,0.523537,0.006028,100,0.522355,0.524718
extreme,non_agentic_static,trust_variance,0.080483,0.000795,100,0.080327,0.080639
extreme,non_agentic_static,avg_preference,0.586048,0.004737,100,0.585119,0.586976
extreme,non_agentic_static,avg_reciprocity,0.551650,0.009960,100,0.549697,0.553602
extreme,non_agentic_static,avg_privacy_risk,0.470211,0.001853,100,0.469847,0.470574
extreme,non_agentic_static,avg_total_utility,0.504128,0.001469,100,0.503840,0.504417
extreme,non_agentic_static,avg_system_utility,0.594367,0.001058,100,0.594160,0.594575
extreme,non_agentic_static,avg_social_utility,0.500000,0.000000,100,0.500000,0.500000
extreme,non_agentic_static,avg_resource_utility,0.977786,0.000101,100,0.977766,0.977806
extreme,non_agentic_static,avg_privacy_utility,0.500000,0.000000,100,0.500000,0.500000
extreme,non_agentic_static,avg_incentive_utility,0.578684,0.000166,100,0.578651,0.578717
extreme,non_agentic_static,energy_consumed,0.099497,0.000670,100,0.099366,0.099629
extreme,non_agentic_static,bandwidth_consumed,0.481063,0.003929,100,0.480293,0.481833
extreme,non_agentic_static,compute_consumed,0.641837,0.004766,100,0.640903,0.642772
extreme,non_agentic_static,throughput_mbps,39.651040,0.684190,100,39.516939,39.785141
extreme,non_agentic_static,packet_delivery_ratio,0.502330,0.007924,100,0.500777,0.503883
extreme,non_agentic_static,e2e_delay_ms,96.872943,0.395218,100,96.795480,96.950405
extreme,non_agentic_static,active_nodes,44.676700,0.251969,100,44.627314,44.726086
high,non_agentic_static,generated_tasks,6.998520,0.035765,100,6.991510,7.005530
high,non_agentic_static,completed_tasks,3.916560,0.064258,100,3.903965,3.929155
high,non_agentic_static,attempted_interactions,6.950760,0.034497,100,6.943999,6.957521
high,non_agentic_static,successful_cooperations,3.916560,0.064258,100,3.903965,3.929155
high,non_agentic_static,failed_interactions,3.034200,0.062225,100,3.022004,3.046396
high,non_agentic_static,blocked_privacy_interactions,0.000000,0.000000,100,0.000000,0.000000
high,non_agentic_static,cooperation_rate,0.563452,0.008665,100,0.561754,0.565151
high,non_agentic_static,task_completion_ratio,0.559650,0.008731,100,0.557939,0.561361
high,non_agentic_static,reliability_score,0.563452,0.008665,100,0.561754,0.565151
high,non_agentic_static,resource_efficiency,0.542322,0.008459,100,0.540664,0.543980
high,non_agentic_static,fairness_index,0.767857,0.013898,100,0.765133,0.770581
high,non_agentic_static,trust_stability_index,0.720338,0.004443,100,0.719467,0.721209
high,non_agentic_static,privacy_exposure_risk,0.500000,0.000000,100,0.500000,0.500000
high,non_agentic_static,candidate_privacy_risk,0.496623,0.000832,100,0.496460,0.496786
high,non_agentic_static,accepted_privacy_exposure,0.500000,0.000000,100,0.500000,0.500000
high,non_agentic_static,avg_trust,0.550288,0.008264,100,0.548669,0.551908
high,non_agentic_static,trust_variance,0.069915,0.001111,100,0.069698,0.070133
high,non_agentic_static,avg_preference,0.598142,0.006324,100,0.596903,0.599382
high,non_agentic_static,avg_reciprocity,0.582369,0.012731,100,0.579874,0.584865
high,non_agentic_static,avg_privacy_risk,0.496623,0.000832,100,0.496460,0.496786
high,non_agentic_static,avg_total_utility,0.563930,0.002113,100,0.563516,0.564344
high,non_agentic_static,avg_system_utility,0.636235,0.001526,100,0.635935,0.636534
high,non_agentic_static,avg_social_utility,0.500000,0.000000,100,0.500000,0.500000
high,non_agentic_static,avg_resource_utility,0.981839,0.000093,100,0.981821,0.981857
high,non_agentic_static,avg_privacy_utility,0.500000,0.000000,100,0.500000,0.500000
high,non_agentic_static,avg_incentive_utility,0.585071,0.000238,100,0.585025,0.585118
high,non_agentic_static,energy_consumed,0.064225,0.000482,100,0.064131,0.064320
high,non_agentic_static,bandwidth_consumed,0.272511,0.002392,100,0.272043,0.272980
high,non_agentic_static,compute_consumed,0.363913,0.003180,100,0.363289,0.364536
high,non_agentic_static,throughput_mbps,31.332480,0.514067,100,31.231723,31.433237
high,non_agentic_static,packet_delivery_ratio,0.563452,0.008665,100,0.561754,0.565151
high,non_agentic_static,e2e_delay_ms,96.638055,0.544811,100,96.531272,96.744838
high,non_agentic_static,active_nodes,49.378300,0.085209,100,49.361599,49.395001
low,non_agentic_static,generated_tasks,1.496600,0.019487,100,1.492780,1.500420
low,non_agentic_static,completed_tasks,0.982620,0.025433,100,0.977635,0.987605
low,non_agentic_static,attempted_interactions,1.496600,0.019487,100,1.492780,1.500420
low,non_agentic_static,successful_cooperations,0.982620,0.025433,100,0.977635,0.987605
low,non_agentic_static,failed_interactions,0.513980,0.024165,100,0.509244,0.518716
low,non_agentic_static,blocked_privacy_interactions,0.000000,0.000000,100,0.000000,0.000000
low,non_agentic_static,cooperation_rate,0.656850,0.016407,100,0.653634,0.660066
low,non_agentic_static,task_completion_ratio,0.656850,0.016407,100,0.653634,0.660066
low,non_agentic_static,reliability_score,0.656850,0.016407,100,0.653634,0.660066
low,non_agentic_static,resource_efficiency,0.644404,0.016104,100,0.641247,0.647560
low,non_agentic_static,fairness_index,0.657750,0.028137,100,0.652236,0.663265
low,non_agentic_static,trust_stability_index,0.804420,0.004603,100,0.803518,0.805322
low,non_agentic_static,privacy_exposure_risk,0.500000,0.000000,100,0.500000,0.500000
low,non_agentic_static,candidate_privacy_risk,0.500000,0.000000,100,0.500000,0.500000
low,non_agentic_static,accepted_privacy_exposure,0.500000,0.000000,100,0.500000,0.500000
low,non_agentic_static,avg_trust,0.565141,0.008325,100,0.563510,0.566773
low,non_agentic_static,trust_variance,0.048895,0.001151,100,0.048669,0.049121
low,non_agentic_static,avg_preference,0.592271,0.006744,100,0.590949,0.593592
low,non_agentic_static,avg_reciprocity,0.610411,0.015813,100,0.607311,0.613510
low,non_agentic_static,avg_privacy_risk,0.500000,0.000000,100,0.500000,0.500000
low,non_agentic_static,avg_total_utility,0.656566,0.002615,100,0.656054,0.657079
low,non_agentic_static,avg_system_utility,0.701058,0.001937,100,0.700678,0.701438
low,non_agentic_static,avg_social_utility,0.500000,0.000000,100,0.500000,0.500000
low,non_agentic_static,avg_resource_utility,0.988874,0.000105,100,0.988853,0.988894
low,non_agentic_static,avg_privacy_utility,0.500000,0.000000,100,0.500000,0.500000
low,non_agentic_static,avg_incentive_utility,0.595031,0.000318,100,0.594969,0.595094
low,non_agentic_static,energy_consumed,0.010686,0.000169,100,0.010652,0.010719
low,non_agentic_static,bandwidth_consumed,0.034505,0.000631,100,0.034382,0.034629
low,non_agentic_static,compute_consumed,0.046067,0.000913,100,0.045888,0.046246
low,non_agentic_static,throughput_mbps,7.860960,0.203465,100,7.821081,7.900839
low,non_agentic_static,packet_delivery_ratio,0.656850,0.016407,100,0.653634,0.660066
low,non_agentic_static,e2e_delay_ms,74.695369,1.778829,100,74.346718,75.044019
low,non_agentic_static,active_nodes,50.000000,0.000000,100,50.000000,50.000000
medium,non_agentic_static,generated_tasks,4.004780,0.039396,100,3.997058,4.012502
medium,non_agentic_static,completed_tasks,2.483560,0.054611,100,2.472856,2.494264
medium,non_agentic_static,attempted_interactions,4.004780,0.039396,100,3.997058,4.012502
medium,non_agentic_static,successful_cooperations,2.483560,0.054611,100,2.472856,2.494264
medium,non_agentic_static,failed_interactions,1.521220,0.047182,100,1.511972,1.530468
medium,non_agentic_static,blocked_privacy_interactions,0.000000,0.000000,100,0.000000,0.000000
medium,non_agentic_static,cooperation_rate,0.620043,0.011737,100,0.617742,0.622344
medium,non_agentic_static,task_completion_ratio,0.620043,0.011737,100,0.617742,0.622344
medium,non_agentic_static,reliability_score,0.620043,0.011737,100,0.617742,0.622344
medium,non_agentic_static,resource_efficiency,0.604632,0.011439,100,0.602390,0.606874
medium,non_agentic_static,fairness_index,0.706218,0.018922,100,0.702509,0.709927
medium,non_agentic_static,trust_stability_index,0.754776,0.004649,100,0.753865,0.755688
medium,non_agentic_static,privacy_exposure_risk,0.500000,0.000000,100,0.500000,0.500000
medium,non_agentic_static,candidate_privacy_risk,0.500000,0.000000,100,0.500000,0.500000
medium,non_agentic_static,accepted_privacy_exposure,0.500000,0.000000,100,0.500000,0.500000
medium,non_agentic_static,avg_trust,0.567963,0.008686,100,0.566261,0.569666
medium,non_agentic_static,trust_variance,0.061306,0.001162,100,0.061078,0.061534
medium,non_agentic_static,avg_preference,0.604914,0.006633,100,0.603614,0.606214
medium,non_agentic_static,avg_reciprocity,0.607437,0.013336,100,0.604824,0.610051
medium,non_agentic_static,avg_privacy_risk,0.500000,0.000000,100,0.500000,0.500000
medium,non_agentic_static,avg_total_utility,0.620032,0.002305,100,0.619580,0.620483
medium,non_agentic_static,avg_system_utility,0.675491,0.001697,100,0.675158,0.675823
medium,non_agentic_static,avg_social_utility,0.500000,0.000000,100,0.500000,0.500000
medium,non_agentic_static,avg_resource_utility,0.985463,0.000088,100,0.985446,0.985481
medium,non_agentic_static,avg_privacy_utility,0.500000,0.000000,100,0.500000,0.500000
medium,non_agentic_static,avg_incentive_utility,0.591039,0.000273,100,0.590986,0.591092
medium,non_agentic_static,energy_consumed,0.033668,0.000384,100,0.033592,0.033743
medium,non_agentic_static,bandwidth_consumed,0.123079,0.001712,100,0.122743,0.123414
medium,non_agentic_static,compute_consumed,0.164143,0.002110,100,0.163729,0.164556
medium,non_agentic_static,throughput_mbps,19.868480,0.436887,100,19.782850,19.954110
medium,non_agentic_static,packet_delivery_ratio,0.620043,0.011737,100,0.617742,0.622344
medium,non_agentic_static,e2e_delay_ms,94.277976,0.845774,100,94.112204,94.443748
medium,non_agentic_static,active_nodes,50.000000,0.000000,100,50.000000,50.000000
extreme,proposed,generated_tasks,10.500540,0.050384,100,10.490665,10.510415
extreme,proposed,completed_tasks,6.092120,0.133235,100,6.066006,6.118234
extreme,proposed,attempted_interactions,9.380780,0.147734,100,9.351824,9.409736
extreme,proposed,successful_cooperations,6.092120,0.133235,100,6.066006,6.118234
extreme,proposed,failed_interactions,3.288660,0.077283,100,3.273513,3.303807
extreme,proposed,blocked_privacy_interactions,1.034780,0.152991,100,1.004794,1.064766
extreme,proposed,cooperation_rate,0.649388,0.007749,100,0.647869,0.650906
extreme,proposed,task_completion_ratio,0.580326,0.012530,100,0.577871,0.582782
extreme,proposed,reliability_score,0.584870,0.012948,100,0.582332,0.587408
extreme,proposed,resource_efficiency,0.560183,0.011913,100,0.557848,0.562518
extreme,proposed,fairness_index,0.923838,0.006253,100,0.922612,0.925063
extreme,proposed,trust_stability_index,0.690948,0.006932,100,0.689589,0.692307
extreme,proposed,privacy_exposure_risk,0.522974,0.006137,100,0.521771,0.524177
extreme,proposed,candidate_privacy_risk,0.582661,0.004123,100,0.581853,0.583469
extreme,proposed,accepted_privacy_exposure,0.522974,0.006137,100,0.521771,0.524177
extreme,proposed,avg_trust,0.446448,0.008250,100,0.444831,0.448065
extreme,proposed,trust_variance,0.077263,0.001733,100,0.076923,0.077603
extreme,proposed,avg_preference,0.564831,0.006091,100,0.563637,0.566025
extreme,proposed,avg_reciprocity,0.559505,0.015447,100,0.556477,0.562532
extreme,proposed,avg_privacy_risk,0.461545,0.010791,100,0.459430,0.463660
extreme,proposed,avg_total_utility,0.713969,0.002345,100,0.713510,0.714429
extreme,proposed,avg_system_utility,0.696639,0.001616,100,0.696322,0.696955
extreme,proposed,avg_social_utility,0.689207,0.004627,100,0.688300,0.690114
extreme,proposed,avg_resource_utility,0.977792,0.000103,100,0.977771,0.977812
extreme,proposed,avg_privacy_utility,0.477026,0.006137,100,0.475823,0.478229
extreme,proposed,avg_incentive_utility,0.748990,0.004061,100,0.748194,0.749786
extreme,proposed,energy_consumed,0.094565,0.001504,100,0.094270,0.094860
extreme,proposed,bandwidth_consumed,0.457745,0.007413,100,0.456292,0.459198
extreme,proposed,compute_consumed,0.610285,0.010056,100,0.608314,0.612256
extreme,proposed,throughput_mbps,48.736960,1.065880,100,48.528047,48.945873
extreme,proposed,packet_delivery_ratio,0.649388,0.007749,100,0.647869,0.650906
extreme,proposed,e2e_delay_ms,96.507695,0.491119,100,96.411435,96.603954
extreme,proposed,active_nodes,49.239500,0.176883,100,49.204831,49.274169
high,proposed,generated_tasks,6.997880,0.038434,100,6.990347,7.005413
high,proposed,completed_tasks,4.850680,0.085798,100,4.833864,4.867496
high,proposed,attempted_interactions,6.665340,0.070733,100,6.651476,6.679204
high,proposed,successful_cooperations,4.850680,0.085798,100,4.833864,4.867496
high,proposed,failed_interactions,1.814660,0.059765,100,1.802946,1.826374
high,proposed,blocked_privacy_interactions,0.332260,0.068358,100,0.318862,0.345658
high,proposed,cooperation_rate,0.727692,0.009410,100,0.725848,0.729537
high,proposed,task_completion_ratio,0.693173,0.012457,100,0.690731,0.695615
high,proposed,reliability_score,0.693201,0.012459,100,0.690759,0.695643
high,proposed,resource_efficiency,0.672418,0.011968,100,0.670072,0.674764
high,proposed,fairness_index,0.869820,0.011882,100,0.867491,0.872149
high,proposed,trust_stability_index,0.701818,0.005644,100,0.700712,0.702924
high,proposed,privacy_exposure_risk,0.467691,0.006325,100,0.466451,0.468931
high,proposed,candidate_privacy_risk,0.537675,0.004889,100,0.536717,0.538634
high,proposed,accepted_privacy_exposure,0.467691,0.006325,100,0.466451,0.468931
high,proposed,avg_trust,0.480158,0.007736,100,0.478642,0.481674
high,proposed,trust_variance,0.074546,0.001411,100,0.074269,0.074822
high,proposed,avg_preference,0.581012,0.005784,100,0.579878,0.582145
high,proposed,avg_reciprocity,0.596163,0.015826,100,0.593061,0.599264
high,proposed,avg_privacy_risk,0.442311,0.007900,100,0.440763,0.443860
high,proposed,avg_total_utility,0.755121,0.002759,100,0.754580,0.755661
high,proposed,avg_system_utility,0.750739,0.001800,100,0.750386,0.751092
high,proposed,avg_social_utility,0.732864,0.005280,100,0.731829,0.733899
high,proposed,avg_resource_utility,0.981839,0.000094,100,0.981820,0.981857
high,proposed,avg_privacy_utility,0.532309,0.006325,100,0.531069,0.533549
high,proposed,avg_incentive_utility,0.788193,0.004011,100,0.787407,0.788979
high,proposed,energy_consumed,0.061616,0.000705,100,0.061478,0.061755
high,proposed,bandwidth_consumed,0.261400,0.003402,100,0.260733,0.262067
high,proposed,compute_consumed,0.348908,0.004541,100,0.348018,0.349798
high,proposed,throughput_mbps,38.805440,0.686381,100,38.670909,38.939971
high,proposed,packet_delivery_ratio,0.727692,0.009410,100,0.725848,0.729537
high,proposed,e2e_delay_ms,96.557073,0.622220,100,96.435118,96.679028
high,proposed,active_nodes,49.997300,0.006053,100,49.996114,49.998486
low,proposed,generated_tasks,1.495860,0.019456,100,1.492047,1.499673
low,proposed,completed_tasks,1.224920,0.029326,100,1.219172,1.230668
low,proposed,attempted_interactions,1.495460,0.019430,100,1.491652,1.499268
low,proposed,successful_cooperations,1.224920,0.029326,100,1.219172,1.230668
low,proposed,failed_interactions,0.270540,0.023388,100,0.265956,0.275124
low,proposed,blocked_privacy_interactions,0.000400,0.000853,100,0.000233,0.000567
low,proposed,cooperation_rate,0.819210,0.016534,100,0.815969,0.822451
low,proposed,task_completion_ratio,0.819110,0.016586,100,0.815859,0.822361
low,proposed,reliability_score,0.819110,0.016586,100,0.815859,0.822361
low,proposed,resource_efficiency,0.803580,0.016281,100,0.800389,0.806771
low,proposed,fairness_index,0.745292,0.023608,100,0.740665,0.749919
low,proposed,trust_stability_index,0.795876,0.006171,100,0.794666,0.797085
low,proposed,privacy_exposure_risk,0.319404,0.005992,100,0.318230,0.320578
low,proposed,candidate_privacy_risk,0.374224,0.007693,100,0.372717,0.375732
low,proposed,accepted_privacy_exposure,0.319404,0.005992,100,0.318230,0.320578
low,proposed,avg_trust,0.574454,0.008784,100,0.572733,0.576176
low,proposed,trust_variance,0.051031,0.001543,100,0.050729,0.051333
low,proposed,avg_preference,0.610487,0.007558,100,0.609005,0.611968
low,proposed,avg_reciprocity,0.645878,0.019594,100,0.642038,0.649719
low,proposed,avg_privacy_risk,0.319361,0.005992,100,0.318187,0.320536
low,proposed,avg_total_utility,0.803611,0.003216,100,0.802981,0.804241
low,proposed,avg_system_utility,0.815889,0.001971,100,0.815503,0.816276
low,proposed,avg_social_utility,0.747024,0.006657,100,0.745720,0.748329
low,proposed,avg_resource_utility,0.988753,0.000495,100,0.988656,0.988850
low,proposed,avg_privacy_utility,0.680476,0.006000,100,0.679300,0.681652
low,proposed,avg_incentive_utility,0.796589,0.005595,100,0.795492,0.797685
low,proposed,energy_consumed,0.010672,0.000173,100,0.010638,0.010706
low,proposed,bandwidth_consumed,0.034472,0.000633,100,0.034348,0.034596
low,proposed,compute_consumed,0.046045,0.000938,100,0.045861,0.046228
low,proposed,throughput_mbps,9.799360,0.234605,100,9.753377,9.845343
low,proposed,packet_delivery_ratio,0.819210,0.016534,100,0.815969,0.822451
low,proposed,e2e_delay_ms,86.062787,1.600576,100,85.749074,86.376500
low,proposed,active_nodes,50.000000,0.000000,100,50.000000,50.000000
medium,proposed,generated_tasks,3.998220,0.040412,100,3.990299,4.006141
medium,proposed,completed_tasks,3.096820,0.053089,100,3.086415,3.107225
medium,proposed,attempted_interactions,3.966640,0.042654,100,3.958280,3.975000
medium,proposed,successful_cooperations,3.096820,0.053089,100,3.086415,3.107225
medium,proposed,failed_interactions,0.869820,0.038350,100,0.862303,0.877337
medium,proposed,blocked_privacy_interactions,0.031580,0.014401,100,0.028757,0.034403
medium,proposed,cooperation_rate,0.780684,0.009735,100,0.778776,0.782592
medium,proposed,task_completion_ratio,0.774565,0.010498,100,0.772507,0.776622
medium,proposed,reliability_score,0.774565,0.010498,100,0.772507,0.776622
medium,proposed,resource_efficiency,0.755428,0.010221,100,0.753425,0.757431
medium,proposed,fairness_index,0.831050,0.014397,100,0.828228,0.833871
medium,proposed,trust_stability_index,0.721868,0.005458,100,0.720798,0.722937
medium,proposed,privacy_exposure_risk,0.394460,0.006291,100,0.393227,0.395693
medium,proposed,candidate_privacy_risk,0.458596,0.006770,100,0.457269,0.459923
medium,proposed,accepted_privacy_exposure,0.394460,0.006291,100,0.393227,0.395693
medium,proposed,avg_trust,0.530139,0.008210,100,0.528530,0.531748
medium,proposed,trust_variance,0.069533,0.001364,100,0.069266,0.069800
medium,proposed,avg_preference,0.602093,0.006662,100,0.600787,0.603398
medium,proposed,avg_reciprocity,0.625989,0.016186,100,0.622817,0.629162
medium,proposed,avg_privacy_risk,0.390950,0.006128,100,0.389749,0.392151
medium,proposed,avg_total_utility,0.786965,0.002987,100,0.786380,0.787550
medium,proposed,avg_system_utility,0.788192,0.001658,100,0.787867,0.788517
medium,proposed,avg_social_utility,0.756930,0.005618,100,0.755829,0.758031
medium,proposed,avg_resource_utility,0.985466,0.000091,100,0.985448,0.985484
medium,proposed,avg_privacy_utility,0.605540,0.006291,100,0.604307,0.606773
medium,proposed,avg_incentive_utility,0.807891,0.004360,100,0.807036,0.808745
medium,proposed,energy_consumed,0.033306,0.000402,100,0.033228,0.033385
medium,proposed,bandwidth_consumed,0.121974,0.001636,100,0.121654,0.122295
medium,proposed,compute_consumed,0.162526,0.002525,100,0.162032,0.163021
medium,proposed,throughput_mbps,24.774560,0.424711,100,24.691317,24.857803
medium,proposed,packet_delivery_ratio,0.780684,0.009735,100,0.778776,0.782592
medium,proposed,e2e_delay_ms,96.105253,0.708173,100,95.966451,96.244055
medium,proposed,active_nodes,50.000000,0.000000,100,50.000000,50.000000
extreme,standard_marl_no_social,generated_tasks,10.495360,0.046490,100,10.486248,10.504472
extreme,standard_marl_no_social,completed_tasks,6.742720,0.075052,100,6.728010,6.757430
extreme,standard_marl_no_social,attempted_interactions,10.494960,0.046414,100,10.485863,10.504057
extreme,standard_marl_no_social,successful_cooperations,6.742720,0.075052,100,6.728010,6.757430
extreme,standard_marl_no_social,failed_interactions,3.752240,0.069273,100,3.738662,3.765818
extreme,standard_marl_no_social,blocked_privacy_interactions,0.000000,0.000000,100,0.000000,0.000000
extreme,standard_marl_no_social,cooperation_rate,0.642422,0.006628,100,0.641123,0.643721
extreme,standard_marl_no_social,task_completion_ratio,0.642396,0.006637,100,0.641095,0.643697
extreme,standard_marl_no_social,reliability_score,0.642422,0.006628,100,0.641123,0.643721
extreme,standard_marl_no_social,resource_efficiency,0.617885,0.006399,100,0.616631,0.619139
extreme,standard_marl_no_social,fairness_index,0.961318,0.003406,100,0.960650,0.961985
extreme,standard_marl_no_social,trust_stability_index,0.707928,0.006058,100,0.706741,0.709115
extreme,standard_marl_no_social,privacy_exposure_risk,0.500000,0.000000,100,0.500000,0.500000
extreme,standard_marl_no_social,candidate_privacy_risk,0.499981,0.000047,100,0.499971,0.499990
extreme,standard_marl_no_social,accepted_privacy_exposure,0.500000,0.000000,100,0.500000,0.500000
extreme,standard_marl_no_social,avg_trust,0.594773,0.008308,100,0.593144,0.596401
extreme,standard_marl_no_social,trust_variance,0.073018,0.001515,100,0.072721,0.073315
extreme,standard_marl_no_social,avg_preference,0.654213,0.005803,100,0.653076,0.655351
extreme,standard_marl_no_social,avg_reciprocity,0.697219,0.011909,100,0.694885,0.699553
extreme,standard_marl_no_social,avg_privacy_risk,0.499981,0.000047,100,0.499971,0.499990
extreme,standard_marl_no_social,avg_total_utility,0.800673,0.002227,100,0.800237,0.801110
extreme,standard_marl_no_social,avg_system_utility,0.693182,0.001628,100,0.692863,0.693501
extreme,standard_marl_no_social,avg_social_utility,0.500000,0.000000,100,0.500000,0.500000
extreme,standard_marl_no_social,avg_resource_utility,0.977795,0.000096,100,0.977776,0.977814
extreme,standard_marl_no_social,avg_privacy_utility,0.500000,0.000000,100,0.500000,0.500000
extreme,standard_marl_no_social,avg_incentive_utility,0.593092,0.000272,100,0.593039,0.593145
extreme,standard_marl_no_social,energy_consumed,0.105815,0.000617,100,0.105694,0.105935
extreme,standard_marl_no_social,bandwidth_consumed,0.512354,0.003921,100,0.511585,0.513122
extreme,standard_marl_no_social,compute_consumed,0.682413,0.005068,100,0.681420,0.683406
extreme,standard_marl_no_social,throughput_mbps,53.941760,0.600414,100,53.824079,54.059441
extreme,standard_marl_no_social,packet_delivery_ratio,0.642422,0.006628,100,0.641123,0.643721
extreme,standard_marl_no_social,e2e_delay_ms,94.497898,0.547889,100,94.390511,94.605284
extreme,standard_marl_no_social,active_nodes,49.997160,0.004775,100,49.996224,49.998096
high,standard_marl_no_social,generated_tasks,7.000940,0.034654,100,6.994148,7.007732
high,standard_marl_no_social,completed_tasks,4.921260,0.057249,100,4.910039,4.932481
high,standard_marl_no_social,attempted_interactions,7.000940,0.034654,100,6.994148,7.007732
high,standard_marl_no_social,successful_cooperations,4.921260,0.057249,100,4.910039,4.932481
high,standard_marl_no_social,failed_interactions,2.079680,0.057607,100,2.068389,2.090971
high,standard_marl_no_social,blocked_privacy_interactions,0.000000,0.000000,100,0.000000,0.000000
high,standard_marl_no_social,cooperation_rate,0.702936,0.008058,100,0.701357,0.704515
high,standard_marl_no_social,task_completion_ratio,0.702936,0.008058,100,0.701357,0.704515
high,standard_marl_no_social,reliability_score,0.702936,0.008058,100,0.701357,0.704515
high,standard_marl_no_social,resource_efficiency,0.681044,0.007810,100,0.679513,0.682575
high,standard_marl_no_social,fairness_index,0.928071,0.008461,100,0.926413,0.929730
high,standard_marl_no_social,trust_stability_index,0.741899,0.007218,100,0.740484,0.743314
high,standard_marl_no_social,privacy_exposure_risk,0.500000,0.000000,100,0.500000,0.500000
high,standard_marl_no_social,candidate_privacy_risk,0.500000,0.000000,100,0.500000,0.500000
high,standard_marl_no_social,accepted_privacy_exposure,0.500000,0.000000,100,0.500000,0.500000
high,standard_marl_no_social,avg_trust,0.615735,0.007683,100,0.614229,0.617241
high,standard_marl_no_social,trust_variance,0.064525,0.001805,100,0.064172,0.064879
high,standard_marl_no_social,avg_preference,0.660238,0.005353,100,0.659189,0.661288
high,standard_marl_no_social,avg_reciprocity,0.702795,0.012277,100,0.700389,0.705201
high,standard_marl_no_social,avg_privacy_risk,0.500000,0.000000,100,0.500000,0.500000
high,standard_marl_no_social,avg_total_utility,0.861584,0.001343,100,0.861320,0.861847
high,standard_marl_no_social,avg_system_utility,0.735359,0.001052,100,0.735153,0.735566
high,standard_marl_no_social,avg_social_utility,0.500000,0.000000,100,0.500000,0.500000
high,standard_marl_no_social,avg_resource_utility,0.981837,0.000089,100,0.981820,0.981854
high,standard_marl_no_social,avg_privacy_utility,0.500000,0.000000,100,0.500000,0.500000
high,standard_marl_no_social,avg_incentive_utility,0.599559,0.000203,100,0.599519,0.599599
high,standard_marl_no_social,energy_consumed,0.064793,0.000497,100,0.064695,0.064890
high,standard_marl_no_social,bandwidth_consumed,0.274756,0.002326,100,0.274300,0.275212
high,standard_marl_no_social,compute_consumed,0.366342,0.003446,100,0.365666,0.367017
high,standard_marl_no_social,throughput_mbps,39.370080,0.457993,100,39.280313,39.459847
high,standard_marl_no_social,packet_delivery_ratio,0.702936,0.008058,100,0.701357,0.704515
high,standard_marl_no_social,e2e_delay_ms,94.179953,0.633178,100,94.055850,94.304056
high,standard_marl_no_social,active_nodes,50.000000,0.000000,100,50.000000,50.000000
low,standard_marl_no_social,generated_tasks,1.496600,0.019487,100,1.492780,1.500420
low,standard_marl_no_social,completed_tasks,1.157080,0.028299,100,1.151533,1.162627
low,standard_marl_no_social,attempted_interactions,1.496600,0.019487,100,1.492780,1.500420
low,standard_marl_no_social,successful_cooperations,1.157080,0.028299,100,1.151533,1.162627
low,standard_marl_no_social,failed_interactions,0.339520,0.022595,100,0.335091,0.343949
low,standard_marl_no_social,blocked_privacy_interactions,0.000000,0.000000,100,0.000000,0.000000
low,standard_marl_no_social,cooperation_rate,0.773600,0.016434,100,0.770379,0.776821
low,standard_marl_no_social,task_completion_ratio,0.773600,0.016434,100,0.770379,0.776821
low,standard_marl_no_social,reliability_score,0.773600,0.016434,100,0.770379,0.776821
low,standard_marl_no_social,resource_efficiency,0.758943,0.016135,100,0.755780,0.762105
low,standard_marl_no_social,fairness_index,0.829897,0.017634,100,0.826441,0.833353
low,standard_marl_no_social,trust_stability_index,0.817568,0.005832,100,0.816425,0.818711
low,standard_marl_no_social,privacy_exposure_risk,0.500000,0.000000,100,0.500000,0.500000
low,standard_marl_no_social,candidate_privacy_risk,0.500000,0.000000,100,0.500000,0.500000
low,standard_marl_no_social,accepted_privacy_exposure,0.500000,0.000000,100,0.500000,0.500000
low,standard_marl_no_social,avg_trust,0.605962,0.009037,100,0.604191,0.607733
low,standard_marl_no_social,trust_variance,0.045608,0.001458,100,0.045322,0.045894
low,standard_marl_no_social,avg_preference,0.629821,0.007524,100,0.628347,0.631296
low,standard_marl_no_social,avg_reciprocity,0.682193,0.017542,100,0.678755,0.685631
low,standard_marl_no_social,avg_privacy_risk,0.500000,0.000000,100,0.500000,0.500000
low,standard_marl_no_social,avg_total_utility,0.935068,0.001591,100,0.934756,0.935379
low,standard_marl_no_social,avg_system_utility,0.785894,0.001299,100,0.785640,0.786149
low,standard_marl_no_social,avg_social_utility,0.500000,0.000000,100,0.500000,0.500000
low,standard_marl_no_social,avg_resource_utility,0.988874,0.000105,100,0.988853,0.988894
low,standard_marl_no_social,avg_privacy_utility,0.500000,0.000000,100,0.500000,0.500000
low,standard_marl_no_social,avg_incentive_utility,0.607486,0.000264,100,0.607434,0.607538
low,standard_marl_no_social,energy_consumed,0.010686,0.000169,100,0.010652,0.010719
low,standard_marl_no_social,bandwidth_consumed,0.034505,0.000631,100,0.034382,0.034629
low,standard_marl_no_social,compute_consumed,0.046067,0.000913,100,0.045888,0.046246
low,standard_marl_no_social,throughput_mbps,9.256640,0.226393,100,9.212267,9.301013
low,standard_marl_no_social,packet_delivery_ratio,0.773600,0.016434,100,0.770379,0.776821
low,standard_marl_no_social,e2e_delay_ms,81.087645,1.667313,100,80.760851,81.414438
low,standard_marl_no_social,active_nodes,50.000000,0.000000,100,50.000000,50.000000
medium,standard_marl_no_social,generated_tasks,4.004780,0.039396,100,3.997058,4.012502
medium,standard_marl_no_social,completed_tasks,2.964220,0.056962,100,2.953055,2.975385
medium,standard_marl_no_social,attempted_interactions,4.004780,0.039396,100,3.997058,4.012502
medium,standard_marl_no_social,successful_cooperations,2.964220,0.056962,100,2.953055,2.975385
medium,standard_marl_no_social,failed_interactions,1.040560,0.042524,100,1.032225,1.048895
medium,standard_marl_no_social,blocked_privacy_interactions,0.000000,0.000000,100,0.000000,0.000000
medium,standard_marl_no_social,cooperation_rate,0.740078,0.011253,100,0.737872,0.742283
medium,standard_marl_no_social,task_completion_ratio,0.740078,0.011253,100,0.737872,0.742283
medium,standard_marl_no_social,reliability_score,0.740078,0.011253,100,0.737872,0.742283
medium,standard_marl_no_social,resource_efficiency,0.721683,0.010954,100,0.719536,0.723830
medium,standard_marl_no_social,fairness_index,0.894286,0.012776,100,0.891782,0.896790
medium,standard_marl_no_social,trust_stability_index,0.770699,0.007030,100,0.769321,0.772077
medium,standard_marl_no_social,privacy_exposure_risk,0.500000,0.000000,100,0.500000,0.500000
medium,standard_marl_no_social,candidate_privacy_risk,0.500000,0.000000,100,0.500000,0.500000
medium,standard_marl_no_social,accepted_privacy_exposure,0.500000,0.000000,100,0.500000,0.500000
medium,standard_marl_no_social,avg_trust,0.620545,0.008788,100,0.618822,0.622267
medium,standard_marl_no_social,trust_variance,0.057325,0.001757,100,0.056981,0.057670
medium,standard_marl_no_social,avg_preference,0.655348,0.006333,100,0.654107,0.656590
medium,standard_marl_no_social,avg_reciprocity,0.702873,0.012383,100,0.700446,0.705301
medium,standard_marl_no_social,avg_privacy_risk,0.500000,0.000000,100,0.500000,0.500000
medium,standard_marl_no_social,avg_total_utility,0.899640,0.001302,100,0.899384,0.899895
medium,standard_marl_no_social,avg_system_utility,0.761509,0.001016,100,0.761310,0.761708
medium,standard_marl_no_social,avg_social_utility,0.500000,0.000000,100,0.500000,0.500000
medium,standard_marl_no_social,avg_resource_utility,0.985463,0.000088,100,0.985446,0.985481
medium,standard_marl_no_social,avg_privacy_utility,0.500000,0.000000,100,0.500000,0.500000
medium,standard_marl_no_social,avg_incentive_utility,0.603664,0.000198,100,0.603625,0.603703
medium,standard_marl_no_social,energy_consumed,0.033668,0.000384,100,0.033592,0.033743
medium,standard_marl_no_social,bandwidth_consumed,0.123079,0.001712,100,0.122743,0.123414
medium,standard_marl_no_social,compute_consumed,0.164143,0.002110,100,0.163729,0.164556
medium,standard_marl_no_social,throughput_mbps,23.713760,0.455697,100,23.624443,23.803077
medium,standard_marl_no_social,packet_delivery_ratio,0.740078,0.011253,100,0.737872,0.742283
medium,standard_marl_no_social,e2e_delay_ms,93.383576,0.817220,100,93.223401,93.543752
medium,standard_marl_no_social,active_nodes,50.000000,0.000000,100,50.000000,50.000000
extreme,trust_unaware,generated_tasks,10.503400,0.048165,100,10.493960,10.512840
extreme,trust_unaware,completed_tasks,5.937320,0.103433,100,5.917047,5.957593
extreme,trust_unaware,attempted_interactions,9.714600,0.132861,100,9.688559,9.740641
extreme,trust_unaware,successful_cooperations,5.937320,0.103433,100,5.917047,5.957593
extreme,trust_unaware,failed_interactions,3.777280,0.079583,100,3.761682,3.792878
extreme,trust_unaware,blocked_privacy_interactions,0.681140,0.132284,100,0.655212,0.707068
extreme,trust_unaware,cooperation_rate,0.611017,0.006482,100,0.609747,0.612288
extreme,trust_unaware,task_completion_ratio,0.565418,0.009773,100,0.563503,0.567334
extreme,trust_unaware,reliability_score,0.571020,0.009942,100,0.569071,0.572968
extreme,trust_unaware,resource_efficiency,0.545234,0.009268,100,0.543418,0.547051
extreme,trust_unaware,fairness_index,0.923687,0.006420,100,0.922429,0.924946
extreme,trust_unaware,trust_stability_index,0.674603,0.005307,100,0.673563,0.675644
extreme,trust_unaware,privacy_exposure_risk,0.496937,0.005910,100,0.495779,0.498096
extreme,trust_unaware,candidate_privacy_risk,0.558836,0.005633,100,0.557732,0.559941
extreme,trust_unaware,accepted_privacy_exposure,0.496937,0.005910,100,0.495779,0.498096
extreme,trust_unaware,avg_trust,0.482971,0.008069,100,0.481390,0.484553
extreme,trust_unaware,trust_variance,0.081349,0.001327,100,0.081089,0.081609
extreme,trust_unaware,avg_preference,0.577771,0.006500,100,0.576497,0.579045
extreme,trust_unaware,avg_reciprocity,0.520376,0.014623,100,0.517510,0.523243
extreme,trust_unaware,avg_privacy_risk,0.455875,0.009112,100,0.454089,0.457661
extreme,trust_unaware,avg_total_utility,0.710815,0.001492,100,0.710523,0.711108
extreme,trust_unaware,avg_system_utility,0.669773,0.001503,100,0.669479,0.670068
extreme,trust_unaware,avg_social_utility,0.449348,0.003107,100,0.448739,0.449957
extreme,trust_unaware,avg_resource_utility,0.977784,0.000091,100,0.977766,0.977802
extreme,trust_unaware,avg_privacy_utility,0.503063,0.005910,100,0.501904,0.504221
extreme,trust_unaware,avg_incentive_utility,0.698358,0.003260,100,0.697719,0.698997
extreme,trust_unaware,energy_consumed,0.097988,0.001372,100,0.097719,0.098257
extreme,trust_unaware,bandwidth_consumed,0.473977,0.006953,100,0.472614,0.475340
extreme,trust_unaware,compute_consumed,0.632299,0.008460,100,0.630640,0.633957
extreme,trust_unaware,throughput_mbps,47.498560,0.827466,100,47.336377,47.660743
extreme,trust_unaware,packet_delivery_ratio,0.611017,0.006482,100,0.609747,0.612288
extreme,trust_unaware,e2e_delay_ms,95.967687,0.515030,100,95.866741,96.068633
extreme,trust_unaware,active_nodes,49.046540,0.172469,100,49.012736,49.080344
high,trust_unaware,generated_tasks,7.005260,0.036349,100,6.998136,7.012384
high,trust_unaware,completed_tasks,4.579280,0.084702,100,4.562679,4.595881
high,trust_unaware,attempted_interactions,6.787140,0.067994,100,6.773813,6.800467
high,trust_unaware,successful_cooperations,4.579280,0.084702,100,4.562679,4.595881
high,trust_unaware,failed_interactions,2.207860,0.054410,100,2.197196,2.218524
high,trust_unaware,blocked_privacy_interactions,0.217940,0.058966,100,0.206383,0.229497
high,trust_unaware,cooperation_rate,0.674516,0.008368,100,0.672876,0.676156
high,trust_unaware,task_completion_ratio,0.653670,0.011422,100,0.651431,0.655908
high,trust_unaware,reliability_score,0.653684,0.011420,100,0.651446,0.655922
high,trust_unaware,resource_efficiency,0.633834,0.010966,100,0.631685,0.635984
high,trust_unaware,fairness_index,0.865014,0.013148,100,0.862437,0.867591
high,trust_unaware,trust_stability_index,0.696368,0.004959,100,0.695396,0.697340
high,trust_unaware,privacy_exposure_risk,0.446808,0.005069,100,0.445814,0.447801
high,trust_unaware,candidate_privacy_risk,0.520233,0.005097,100,0.519234,0.521232
high,trust_unaware,accepted_privacy_exposure,0.446808,0.005069,100,0.445814,0.447801
high,trust_unaware,avg_trust,0.503705,0.008380,100,0.502063,0.505348
high,trust_unaware,trust_variance,0.075908,0.001240,100,0.075665,0.076151
high,trust_unaware,avg_preference,0.586237,0.006932,100,0.584879,0.587596
high,trust_unaware,avg_reciprocity,0.550056,0.018084,100,0.546512,0.553601
high,trust_unaware,avg_privacy_risk,0.431002,0.006032,100,0.429820,0.432184
high,trust_unaware,avg_total_utility,0.741328,0.001563,100,0.741022,0.741634
high,trust_unaware,avg_system_utility,0.714505,0.001713,100,0.714170,0.714841
high,trust_unaware,avg_social_utility,0.458413,0.003695,100,0.457688,0.459137
high,trust_unaware,avg_resource_utility,0.981844,0.000093,100,0.981826,0.981862
high,trust_unaware,avg_privacy_utility,0.553192,0.005069,100,0.552199,0.554186
high,trust_unaware,avg_incentive_utility,0.716086,0.003485,100,0.715403,0.716769
high,trust_unaware,energy_consumed,0.062750,0.000715,100,0.062609,0.062890
high,trust_unaware,bandwidth_consumed,0.266136,0.003388,100,0.265472,0.266800
high,trust_unaware,compute_consumed,0.355229,0.004392,100,0.354368,0.356090
high,trust_unaware,throughput_mbps,36.634240,0.677612,100,36.501428,36.767052
high,trust_unaware,packet_delivery_ratio,0.674516,0.008368,100,0.672876,0.676156
high,trust_unaware,e2e_delay_ms,95.739271,0.625566,100,95.616660,95.861882
high,trust_unaware,active_nodes,49.995820,0.006740,100,49.994499,49.997141
low,trust_unaware,generated_tasks,1.496900,0.020021,100,1.492976,1.500824
low,trust_unaware,completed_tasks,1.122200,0.027230,100,1.116863,1.127537
low,trust_unaware,attempted_interactions,1.496260,0.020086,100,1.492323,1.500197
low,trust_unaware,successful_cooperations,1.122200,0.027230,100,1.116863,1.127537
low,trust_unaware,failed_interactions,0.374060,0.023200,100,0.369513,0.378607
low,trust_unaware,blocked_privacy_interactions,0.000640,0.001330,100,0.000379,0.000901
low,trust_unaware,cooperation_rate,0.750720,0.017596,100,0.747271,0.754169
low,trust_unaware,task_completion_ratio,0.750530,0.017723,100,0.747056,0.754004
low,trust_unaware,reliability_score,0.750530,0.017723,100,0.747056,0.754004
low,trust_unaware,resource_efficiency,0.736308,0.017399,100,0.732898,0.739719
low,trust_unaware,fairness_index,0.749563,0.024017,100,0.744856,0.754270
low,trust_unaware,trust_stability_index,0.789837,0.005273,100,0.788803,0.790870
low,trust_unaware,privacy_exposure_risk,0.323980,0.005995,100,0.322805,0.325155
low,trust_unaware,candidate_privacy_risk,0.382491,0.008254,100,0.380873,0.384108
low,trust_unaware,accepted_privacy_exposure,0.323980,0.005995,100,0.322805,0.325155
low,trust_unaware,avg_trust,0.556740,0.009375,100,0.554903,0.558578
low,trust_unaware,trust_variance,0.052541,0.001318,100,0.052282,0.052799
low,trust_unaware,avg_preference,0.596371,0.007899,100,0.594823,0.597919
low,trust_unaware,avg_reciprocity,0.603616,0.019648,100,0.599765,0.607467
low,trust_unaware,avg_privacy_risk,0.323897,0.005979,100,0.322725,0.325068
low,trust_unaware,avg_total_utility,0.789425,0.002091,100,0.789015,0.789835
low,trust_unaware,avg_system_utility,0.768567,0.001769,100,0.768220,0.768914
low,trust_unaware,avg_social_utility,0.451925,0.004055,100,0.451130,0.452719
low,trust_unaware,avg_resource_utility,0.988698,0.000642,100,0.988572,0.988823
low,trust_unaware,avg_privacy_utility,0.675840,0.006063,100,0.674651,0.677028
low,trust_unaware,avg_incentive_utility,0.713601,0.004046,100,0.712808,0.714395
low,trust_unaware,energy_consumed,0.010675,0.000176,100,0.010640,0.010709
low,trust_unaware,bandwidth_consumed,0.034504,0.000646,100,0.034378,0.034631
low,trust_unaware,compute_consumed,0.046056,0.000939,100,0.045872,0.046240
low,trust_unaware,throughput_mbps,8.977600,0.217837,100,8.934904,9.020296
low,trust_unaware,packet_delivery_ratio,0.750720,0.017596,100,0.747271,0.754169
low,trust_unaware,e2e_delay_ms,80.668426,1.738393,100,80.327701,81.009151
low,trust_unaware,active_nodes,50.000000,0.000000,100,50.000000,50.000000
medium,trust_unaware,generated_tasks,4.008020,0.036896,100,4.000788,4.015252
medium,trust_unaware,completed_tasks,2.853920,0.047643,100,2.844582,2.863258
medium,trust_unaware,attempted_interactions,3.986220,0.038883,100,3.978599,3.993841
medium,trust_unaware,successful_cooperations,2.853920,0.047643,100,2.844582,2.863258
medium,trust_unaware,failed_interactions,1.132300,0.035245,100,1.125392,1.139208
medium,trust_unaware,blocked_privacy_interactions,0.021800,0.011784,100,0.019490,0.024110
medium,trust_unaware,cooperation_rate,0.715875,0.009033,100,0.714104,0.717645
medium,trust_unaware,task_completion_ratio,0.711955,0.009132,100,0.710165,0.713745
medium,trust_unaware,reliability_score,0.711955,0.009132,100,0.710165,0.713745
medium,trust_unaware,resource_efficiency,0.694350,0.008900,100,0.692605,0.696094
medium,trust_unaware,fairness_index,0.828733,0.016655,100,0.825468,0.831997
medium,trust_unaware,trust_stability_index,0.721667,0.004901,100,0.720706,0.722628
medium,trust_unaware,privacy_exposure_risk,0.385757,0.005432,100,0.384692,0.386822
medium,trust_unaware,candidate_privacy_risk,0.451141,0.007022,100,0.449764,0.452517
medium,trust_unaware,accepted_privacy_exposure,0.385757,0.005432,100,0.384692,0.386822
medium,trust_unaware,avg_trust,0.531143,0.008151,100,0.529545,0.532741
medium,trust_unaware,trust_variance,0.069583,0.001225,100,0.069343,0.069823
medium,trust_unaware,avg_preference,0.596603,0.006333,100,0.595362,0.597845
medium,trust_unaware,avg_reciprocity,0.576300,0.016158,100,0.573134,0.579467
medium,trust_unaware,avg_privacy_risk,0.383427,0.005241,100,0.382400,0.384455
medium,trust_unaware,avg_total_utility,0.767796,0.001571,100,0.767488,0.768104
medium,trust_unaware,avg_system_utility,0.744201,0.001345,100,0.743938,0.744465
medium,trust_unaware,avg_social_utility,0.460774,0.002847,100,0.460216,0.461332
medium,trust_unaware,avg_resource_utility,0.985474,0.000092,100,0.985456,0.985492
medium,trust_unaware,avg_privacy_utility,0.614243,0.005432,100,0.613178,0.615308
medium,trust_unaware,avg_incentive_utility,0.723030,0.003099,100,0.722423,0.723638
medium,trust_unaware,energy_consumed,0.033498,0.000408,100,0.033418,0.033578
medium,trust_unaware,bandwidth_consumed,0.122431,0.001856,100,0.122067,0.122795
medium,trust_unaware,compute_consumed,0.163221,0.002147,100,0.162800,0.163642
medium,trust_unaware,throughput_mbps,22.831360,0.381140,100,22.756656,22.906064
medium,trust_unaware,packet_delivery_ratio,0.715875,0.009033,100,0.714104,0.717645
medium,trust_unaware,e2e_delay_ms,94.707588,0.858358,100,94.539349,94.875826
medium,trust_unaware,active_nodes,50.000000,0.000000,100,50.000000,50.000000
