variant,seed_start,run_id,n_interactions,n_accept,n_reject,accept_ratio,n_success,success_ratio,mean_total_utility,sum_reward,cooperation_rate,seed
neural_marl_social,3000,0,3550,3374,176,0.9504225352112676,2442,0.7237700059276823,0.7574643244164198,2546.8846305810002,0.7246071428571429,1400000
neural_marl_social,3000,1,3485,3406,79,0.9773314203730272,2489,0.7307692307692307,0.7574063690017714,2575.776092820033,0.7284428571428572,1400001
neural_marl_social,3000,2,3518,3350,168,0.9522455940875497,2434,0.7265671641791045,0.7564397909672799,2525.6732997403874,0.7240690476190477,1400002
neural_marl_social,3000,3,3501,3338,163,0.953441873750357,2407,0.7210904733373278,0.7550672990590179,2512.2646442590017,0.7219071428571429,1400003
neural_marl_social,3000,4,3473,3315,158,0.9545061906133027,2395,0.722473604826546,0.7569781586948444,2501.482596073409,0.7231928571428572,1400004
neural_marl_social,3000,5,3503,3376,127,0.9637453611190409,2456,0.7274881516587678,0.7551914724612377,2543.1764110291388,0.7281238095238095,1400005
neural_marl_social,3000,6,3485,3391,94,0.9730272596843615,2432,0.7171925685638455,0.7546711807802208,2554.389974025729,0.7172238095238095,1400006
neural_marl_social,3000,7,3481,3317,164,0.9528871014076414,2378,0.7169128730780826,0.7530725998958719,2489.7418138546072,0.7165452380952381,1400007
neural_marl_social,3000,8,3495,3385,110,0.9685264663805436,2523,0.7453471196454948,0.7608555121340581,2569.9959085737864,0.7451333333333333,1400008
neural_marl_social,3000,9,3476,3332,144,0.9585730724971231,2406,0.7220888355342137,0.7561188436818196,2512.1879871478227,0.7238404761904762,1400009
neural_marl_social,6000,0,3513,3401,112,0.9681184173071449,2470,0.7262569832402235,0.755333958467166,2563.290792746832,0.7252452380952381,1400000
neural_marl_social,6000,1,3509,3425,84,0.97606155599886,2498,0.7293430656934307,0.7557172434248046,2584.131558729956,0.7300238095238095,1400001
neural_marl_social,6000,2,3500,3421,79,0.9774285714285714,2539,0.7421806489330605,0.7601833883007109,2596.637371376732,0.7411357142857142,1400002
neural_marl_social,6000,3,3506,3403,103,0.9706217912150599,2487,0.7308257419923597,0.754425847980167,2562.161160676508,0.7324619047619048,1400003
neural_marl_social,6000,4,3537,3435,102,0.9711620016963528,2475,0.7205240174672489,0.7558762487290788,2591.3349143843857,0.7194333333333334,1400004
neural_marl_social,6000,5,3481,3382,99,0.9715598965814422,2502,0.7397989355411,0.7569291780188432,2554.9844800597275,0.7386142857142857,1400005
neural_marl_social,6000,6,3504,3419,85,0.97574200913242,2481,0.7256507750804329,0.7543288502872877,2574.8003391322363,0.7248095238095238,1400006
neural_marl_social,6000,7,3496,3393,103,0.9705377574370709,2518,0.7421161214264662,0.7599142673488126,2573.239109114521,0.7434571428571428,1400007
neural_marl_social,6000,8,3516,3442,74,0.9789533560864618,2526,0.7338756536897153,0.7550576749659101,2595.208517232663,0.7342095238095238,1400008
neural_marl_social,6000,9,3493,3415,78,0.9776696249642142,2502,0.7326500732064422,0.7548017493206971,2573.7479739301803,0.7321285714285715,1400009
neural_marl_social,9000,0,3498,3281,217,0.9379645511720983,2384,0.7266077415422127,0.7528397862446554,2459.2173386687145,0.7284761904761905,1400000
neural_marl_social,9000,1,3485,3303,182,0.9477761836441894,2399,0.7263094156827127,0.7494622464473435,2466.3738000155754,0.7262809523809524,1400001
neural_marl_social,9000,2,3517,3321,196,0.9442706852431049,2403,0.7235772357723578,0.7545902692485765,2496.1942841745226,0.7239119047619048,1400002
neural_marl_social,9000,3,3461,3250,211,0.9390349609939324,2390,0.7353846153846154,0.758502477609018,2454.5830522293086,0.7353857142857143,1400003
neural_marl_social,9000,4,3516,3358,158,0.9550625711035268,2361,0.7030970815961882,0.7509115726480426,2513.661060952127,0.7019380952380952,1400004
neural_marl_social,9000,5,3502,3325,177,0.9494574528840662,2413,0.7257142857142858,0.756176488819414,2505.4368253245516,0.7266857142857143,1400005
neural_marl_social,9000,6,3498,3344,154,0.9559748427672956,2435,0.7281698564593302,0.7564293583480453,2521.7997743158635,0.7281333333333333,1400006
neural_marl_social,9000,7,3514,3378,136,0.9612976664769494,2472,0.7317939609236235,0.7594796703164937,2558.7223263291153,0.7331452380952381,1400007
neural_marl_social,9000,8,3529,3343,186,0.9472938509492774,2394,0.7161232425964702,0.7521721878113248,2505.2116238532585,0.7167880952380953,1400008
neural_marl_social,9000,9,3512,3346,166,0.9527334851936219,2478,0.7405857740585774,0.7582079621632952,2528.6638413983856,0.7410166666666667,1400009
neural_marl_no_social,3000,0,3497,3497,0,1.0,2429,0.694595367457821,0.8544128759495406,2987.8818271955433,0.6935714285714286,1400000
neural_marl_no_social,3000,1,3472,3472,0,1.0,2418,0.6964285714285714,0.8566397449744458,2974.253194551276,0.6961666666666667,1400001
neural_marl_no_social,3000,2,3506,3506,0,1.0,2448,0.6982316029663435,0.8571409470977227,3005.1361605246157,0.6992857142857143,1400002
neural_marl_no_social,3000,3,3521,3521,0,1.0,2409,0.6841806305026981,0.8562525542664351,3014.8652435721183,0.6843095238095238,1400003
neural_marl_no_social,3000,4,3516,3516,0,1.0,2450,0.6968145620022753,0.8555119838231044,3007.980135122035,0.6972380952380952,1400004
neural_marl_no_social,3000,5,3485,3485,0,1.0,2417,0.6935437589670015,0.8585830920077269,2992.1620756469283,0.6922261904761905,1400005
neural_marl_no_social,3000,6,3490,3490,0,1.0,2387,0.6839541547277938,0.8564847316298229,2989.131713388082,0.6852261904761905,1400006
neural_marl_no_social,3000,7,3493,3493,0,1.0,2457,0.7034068136272545,0.8563938679222508,2991.383780652422,0.7037976190476191,1400007
neural_marl_no_social,3000,8,3509,3509,0,1.0,2499,0.7121687090339128,0.8552092296264477,3000.929186759205,0.7109404761904762,1400008
neural_marl_no_social,3000,9,3473,3473,0,1.0,2463,0.7091851425280737,0.856810265741625,2975.702052920664,0.7092380952380952,1400009
neural_marl_no_social,6000,0,3497,3497,0,1.0,2436,0.6965970832141836,0.8559657514121592,2993.312232688321,0.69575,1400000
neural_marl_no_social,6000,1,3472,3472,0,1.0,2415,0.6955645161290323,0.8578076151505468,2978.3080398026987,0.6952619047619047,1400001
neural_marl_no_social,6000,2,3506,3506,0,1.0,2455,0.7002281802624073,0.8581246202423618,3008.5849185697207,0.701202380952381,1400002
neural_marl_no_social,6000,3,3521,3521,0,1.0,2411,0.6847486509514342,0.8572103192804496,3018.237534186463,0.6847857142857143,1400003
neural_marl_no_social,6000,4,3516,3516,0,1.0,2461,0.699943117178612,0.8562581339701351,3010.603599038995,0.7004404761904762,1400004
neural_marl_no_social,6000,5,3485,3485,0,1.0,2422,0.6949784791965566,0.8588949161212062,2993.2487826824035,0.6933690476190476,1400005
neural_marl_no_social,6000,6,3490,3490,0,1.0,2389,0.6845272206303725,0.8571153931563149,2991.332722115539,0.68575,1400006
neural_marl_no_social,6000,7,3493,3493,0,1.0,2453,0.7022616661895219,0.8574926217849654,2995.221727894884,0.7024761904761905,1400007
neural_marl_no_social,6000,8,3509,3509,0,1.0,2506,0.7141635793673411,0.8566367435423183,3005.938333089995,0.7126785714285714,1400008
neural_marl_no_social,6000,9,3473,3473,0,1.0,2465,0.7097610135329686,0.8576443613810089,2978.5988670762436,0.7097261904761905,1400009
neural_marl_no_social,9000,0,3497,3497,0,1.0,2452,0.7011724335144409,0.8598192580828798,3006.787945515831,0.7004285714285714,1400000
neural_marl_no_social,9000,1,3472,3472,0,1.0,2441,0.7030529953917051,0.8628772524290981,2995.909820433829,0.702952380952381,1400001
neural_marl_no_social,9000,2,3506,3506,0,1.0,2468,0.703936109526526,0.862886060947593,3025.2785296822613,0.7047738095238095,1400002
neural_marl_no_social,9000,3,3521,3521,0,1.0,2428,0.6895768247656916,0.8618228364664822,3034.4782071984837,0.68975,1400003
neural_marl_no_social,9000,4,3516,3516,0,1.0,2474,0.7036405005688282,0.8611907961387082,3027.946839223698,0.7040952380952381,1400004
neural_marl_no_social,9000,5,3485,3485,0,1.0,2441,0.7004304160688666,0.8635684094410191,3009.535906901952,0.6992142857142857,1400005
neural_marl_no_social,9000,6,3490,3490,0,1.0,2399,0.6873925501432665,0.8618833093118694,3007.9727494984245,0.6886547619047619,1400006
neural_marl_no_social,9000,7,3493,3493,0,1.0,2471,0.7074148296593187,0.8622637499147902,3011.887278452362,0.7078571428571429,1400007
neural_marl_no_social,9000,8,3509,3509,0,1.0,2521,0.7184383015104018,0.8613565624850514,3022.5001777600455,0.7169404761904762,1400008
neural_marl_no_social,9000,9,3473,3473,0,1.0,2477,0.713216239562338,0.8617895483191633,2992.995101312454,0.7132380952380952,1400009
