parameter,symbol,group,equation,default,perturbation,value_applied,clipped,simplex_renormalised,cooperation_rate_baseline,cooperation_rate_delta,cooperation_rate_ci_low,cooperation_rate_ci_high,cooperation_rate_n_pairs,cooperation_rate_cohens_dz,cooperation_rate_p_raw,cooperation_rate_significant,task_completion_ratio_baseline,task_completion_ratio_delta,task_completion_ratio_ci_low,task_completion_ratio_ci_high,task_completion_ratio_n_pairs,task_completion_ratio_cohens_dz,task_completion_ratio_p_raw,task_completion_ratio_significant,avg_total_utility_baseline,avg_total_utility_delta,avg_total_utility_ci_low,avg_total_utility_ci_high,avg_total_utility_n_pairs,avg_total_utility_cohens_dz,avg_total_utility_p_raw,avg_total_utility_significant,cooperation_rate_p_holm,cooperation_rate_q_bh,cooperation_rate_holm_significant,cooperation_rate_bh_significant,task_completion_ratio_p_holm,task_completion_ratio_q_bh,task_completion_ratio_holm_significant,task_completion_ratio_bh_significant,avg_total_utility_p_holm,avg_total_utility_q_bh,avg_total_utility_holm_significant,avg_total_utility_bh_significant
prob_alpha_trust,alpha_T,interaction_probability,Eq. 25,0.800000,-50%,0.400000,False,,0.726834,-0.011025,-0.016349,-0.005700,20,-0.9690909627080803,0.00035766255000323384,True,0.692032,-0.009214,-0.015788,-0.002640,20,-0.6559979661701905,0.008522484833106454,True,0.755170,-0.004524,-0.005782,-0.003265,20,-1.6823539530873792,4.119539855272137e-07,True,0.06580990920059503,0.002126642189208418,False,True,1.0,0.034089939332425816,False,True,6.0969189858027634e-05,1.241505161862836e-06,True,True
prob_alpha_trust,alpha_T,interaction_probability,Eq. 25,0.800000,-25%,0.600000,False,,0.726834,-0.006486,-0.011572,-0.001399,20,-0.5967073373450924,0.015183466508575074,True,0.692032,-0.006580,-0.011896,-0.001265,20,-0.5793814454258518,0.017923249344198866,True,0.755170,-0.003060,-0.004540,-0.001580,20,-0.9677227623433505,0.0003626807217833173,True,1.0,0.060733866034300296,False,False,1.0,0.06066330547267308,False,False,0.04533509022291466,0.0008311433207534354,True,True
prob_alpha_trust,alpha_T,interaction_probability,Eq. 25,0.800000,+25%,1.000000,False,,0.726834,0.005221,0.001164,0.009278,20,0.6023365482303719,0.01438241668025832,True,0.692032,0.005962,0.000725,0.011199,20,0.5327959297270359,0.027783832933696077,True,0.755170,0.001107,0.000108,0.002106,20,0.5185200497235716,0.03169940377787965,True,1.0,0.05859503091957094,False,False,1.0,0.08988887125607554,False,False,1.0,0.0520437972472651,False,False
prob_alpha_trust,alpha_T,interaction_probability,Eq. 25,0.800000,+50%,1.000000,True,,0.726834,0.005221,0.001164,0.009278,20,0.6023365482303719,0.01438241668025832,True,0.692032,0.005962,0.000725,0.011199,20,0.5327959297270359,0.027783832933696077,True,0.755170,0.001107,0.000108,0.002106,20,0.5185200497235716,0.03169940377787965,True,1.0,0.05859503091957094,False,False,1.0,0.08988887125607554,False,False,1.0,0.0520437972472651,False,False
prob_alpha_preference,alpha_P,interaction_probability,Eq. 25,0.700000,-50%,0.350000,False,,0.726834,-0.008699,-0.014461,-0.002937,20,-0.7065915274637391,0.005156245825727766,True,0.692032,-0.007120,-0.014206,-0.000034,20,-0.4702902649532483,0.0490025633767548,True,0.755170,-0.003993,-0.005555,-0.002430,20,-1.196183213379887,3.6640982146274e-05,True,0.9074992653280868,0.02520831292578019,False,True,1.0,0.1418495255642902,False,False,0.0050564555361858115,9.712067556843711e-05,True,True
prob_alpha_preference,alpha_P,interaction_probability,Eq. 25,0.700000,-25%,0.525000,False,,0.726834,-0.005341,-0.009393,-0.001289,20,-0.6169351669099414,0.012488286651245122,True,0.692032,-0.003908,-0.008677,0.000861,20,-0.3835619787315298,0.10254596349707455,False,0.755170,-0.002327,-0.003607,-0.001047,20,-0.8510873877646122,0.00119283149473089,True,1.0,0.05387104045635151,False,False,1.0,0.2575502914982149,False,False,0.14075411637824503,0.0025477954256387944,False,True
prob_alpha_preference,alpha_P,interaction_probability,Eq. 25,0.700000,+25%,0.875000,False,,0.726834,0.005874,0.001644,0.010104,20,0.6499127550911254,0.009048526948167629,True,0.692032,0.003993,-0.001444,0.009431,20,0.3437059778945663,0.14075563863076357,False,0.755170,0.001111,-0.000117,0.002339,20,0.423475041999068,0.07357490967419132,False,1.0,0.040626039359119966,False,True,1.0,0.31950284895775244,False,False,1.0,0.11116686717317356,False,False
prob_alpha_preference,alpha_P,interaction_probability,Eq. 25,0.700000,+50%,1.000000,True,,0.726834,0.006600,0.001986,0.011214,20,0.6695123270600469,0.007457675942462294,True,0.692032,0.008417,0.004114,0.012719,20,0.915579813948244,0.0006173149437188658,True,0.755170,0.002282,0.001314,0.003249,20,1.1032917979306032,9.21260955730684e-05,True,1.0,0.03490827036897244,False,True,0.10741280020708266,0.002889559311024478,False,True,0.011884266328925823,0.00022030153289212008,True,True
prob_alpha_reciprocity,alpha_R,interaction_probability,Eq. 25,0.600000,-50%,0.300000,False,,0.726834,-0.008112,-0.012153,-0.004072,20,-0.9396819358593337,0.0004826826967363775,True,0.692032,-0.008154,-0.013734,-0.002574,20,-0.6838628661813433,0.006468128975486923,True,0.755170,-0.004157,-0.005666,-0.002647,20,-1.2890377719797592,1.4845677107087995e-05,True,0.08833093350275707,0.0027944787705790276,False,True,1.0,0.02684883725673817,False,True,0.0020783947949923193,4.032159214270813e-05,True,True
prob_alpha_reciprocity,alpha_R,interaction_probability,Eq. 25,0.600000,-25%,0.450000,False,,0.726834,-0.004184,-0.008716,0.000348,20,-0.43203930357370274,0.06839262567902224,False,0.692032,-0.003677,-0.009273,0.001918,20,-0.307580462711591,0.18496507248546765,False,0.755170,-0.001785,-0.002825,-0.000745,20,-0.8031995345407423,0.0019434208244210132,True,1.0,0.23148273306745987,False,False,1.0,0.3880534647678995,False,False,0.2215499739839955,0.003995818517501149,False,True
prob_alpha_reciprocity,alpha_R,interaction_probability,Eq. 25,0.600000,+25%,0.750000,False,,0.726834,0.004658,-0.000305,0.009621,20,0.439233092914728,0.06429271215756266,False,0.692032,0.006429,0.001438,0.011420,20,0.6028918831777578,0.014305607771514444,True,0.755170,0.001327,0.000075,0.002580,20,0.49592906673719694,0.038950605965818424,True,1.0,0.22451423293117118,False,False,1.0,0.0515939952415275,False,False,1.0,0.06254841833927047,False,False
prob_alpha_reciprocity,alpha_R,interaction_probability,Eq. 25,0.600000,+50%,0.900000,False,,0.726834,0.009591,0.004453,0.014729,20,0.8736428597629143,0.000947431232166369,True,0.692032,0.013435,0.005342,0.021527,20,0.7769904152027725,0.0025362279570030765,True,0.755170,0.003681,0.001858,0.005503,20,0.9453679072438173,0.0004554835243909356,True,0.17148505302211278,0.0052108717769150294,False,True,0.43623120860452913,0.011387145929401567,False,True,0.056479957024476016,0.00103305541614439,False,True
prob_alpha_qos,alpha_Q,interaction_probability,Eq. 25,0.500000,-50%,0.250000,False,,0.726834,-0.007468,-0.012211,-0.002726,20,-0.7370578211865925,0.003797523706069334,True,0.692032,-0.008505,-0.014836,-0.002173,20,-0.6286601516756853,0.0111420234511732,True,0.755170,-0.004070,-0.005705,-0.002436,20,-1.1654644275819643,4.961060933208412e-05,True,0.6759592196803414,0.019392744637709226,False,True,1.0,0.04226284757341559,False,True,0.006647821650499272,0.00012479818922949846,True,True
prob_alpha_qos,alpha_Q,interaction_probability,Eq. 25,0.500000,-25%,0.375000,False,,0.726834,-0.005313,-0.010625,-0.000002,20,-0.4681711042233086,0.04993073952815287,True,0.692032,-0.004434,-0.010271,0.001404,20,-0.3554817485916152,0.1283899892911508,False,0.755170,-0.001520,-0.002968,-0.000072,20,-0.49124160823166835,0.040634270490233465,True,1.0,0.18618241857955306,False,False,1.0,0.30371825423713095,False,False,1.0,0.06431323386943426,False,False
prob_alpha_qos,alpha_Q,interaction_probability,Eq. 25,0.500000,+25%,0.625000,False,,0.726834,0.005177,0.000086,0.010268,20,0.47589929274703063,0.046620859330570114,True,0.692032,0.007409,0.001498,0.013320,20,0.586629431098457,0.016724515882277205,True,0.755170,0.001617,0.000265,0.002969,20,0.559671916527213,0.021606568032762966,True,1.0,0.1768377422883694,False,False,1.0,0.058403071334936274,False,False,1.0,0.03656496128621425,False,True
prob_alpha_qos,alpha_Q,interaction_probability,Eq. 25,0.500000,+50%,0.750000,False,,0.726834,0.007352,0.002357,0.012347,20,0.6888257028284871,0.006156528052966426,True,0.692032,0.009420,0.005071,0.013770,20,1.0136717978498697,0.00022735813407038266,True,0.755170,0.002341,0.001122,0.003560,20,0.8990052566905701,0.000731185151798542,True,1.0,0.029444264601143775,False,True,0.039787673462316965,0.001087364989032265,True,True,0.08847340336762359,0.0016086073339567925,False,True
prob_alpha_resource,alpha_res,interaction_probability,Eq. 25,0.500000,-50%,0.250000,False,,0.726834,-0.007000,-0.011970,-0.002030,20,-0.6591925497823564,0.008258260366222445,True,0.692032,-0.005829,-0.012713,0.001055,20,-0.3963074845071574,0.09237327962935866,False,0.755170,-0.003460,-0.005207,-0.001713,20,-0.9269066382245607,0.0005498980652165207,True,1.0,0.03785036001185287,False,True,1.0,0.24193001807689174,False,False,0.06708756395641553,0.001221995700481157,False,True
prob_alpha_resource,alpha_res,interaction_probability,Eq. 25,0.500000,-25%,0.375000,False,,0.726834,-0.004387,-0.009789,0.001015,20,-0.3801103535493728,0.10546139013955715,False,0.692032,-0.002076,-0.007943,0.003791,20,-0.16557281380071404,0.4680709368996044,False,0.755170,-0.002170,-0.003446,-0.000894,20,-0.7958619283532209,0.0020939807654351537,True,1.0,0.3178288469959257,False,False,1.0,0.7605636777952828,False,False,0.23452584572873722,0.004226383196291136,False,True
prob_alpha_resource,alpha_res,interaction_probability,Eq. 25,0.500000,+25%,0.625000,False,,0.726834,0.009298,0.004144,0.014453,20,0.8442309823713985,0.0012792948733757953,True,0.692032,0.011019,0.004656,0.017382,20,0.8105068538401823,0.0018041413082471502,True,0.755170,0.002692,0.001528,0.003855,20,1.0829001635110505,0.0001130303035029077,True,0.22899378233426737,0.006701068384349405,False,True,0.312116446326757,0.008268980996132772,False,True,0.014467878848372185,0.0002673835136627924,True,True
prob_alpha_resource,alpha_res,interaction_probability,Eq. 25,0.500000,+50%,0.750000,False,,0.726834,0.003797,-0.001043,0.008638,20,0.3671575976652231,0.1170428296330854,False,0.692032,0.005880,-0.000303,0.012064,20,0.44508110575349225,0.06112273969377015,False,0.755170,0.001913,0.000795,0.003032,20,0.8004380897797966,0.0019987823022506895,True,1.0,0.3433256335903838,False,False,1.0,0.1702152244636637,False,False,0.2258624001543279,0.004071593578658812,False,True
prob_alpha_distance,alpha_d,interaction_probability,Eq. 25,0.500000,-50%,0.250000,False,,0.726834,0.004102,0.000218,0.007986,20,0.4943216228506173,0.03952063502650142,True,0.692032,0.006055,0.001563,0.010547,20,0.6309122676827961,0.010899868945966647,True,0.755170,0.000466,-0.001179,0.002110,20,0.13250227161381908,0.5604572227075179,False,1.0,0.1525357843128125,False,False,1.0,0.04206966961601162,False,True,1.0,0.666489670246778,False,False
prob_alpha_distance,alpha_d,interaction_probability,Eq. 25,0.500000,-25%,0.375000,False,,0.726834,0.000592,-0.004425,0.005609,20,0.055219910955340415,0.8075948487692799,False,0.692032,0.002480,-0.003401,0.008361,20,0.1973921201516443,0.38839631157037585,False,0.755170,-0.000175,-0.001725,0.001375,20,-0.052788343791781225,0.8158993832766342,False,1.0,1.0,False,False,1.0,0.6781522900435134,False,False,1.0,0.8974893216042977,False,False
prob_alpha_distance,alpha_d,interaction_probability,Eq. 25,0.500000,+25%,0.625000,False,,0.726834,-0.000052,-0.003392,0.003288,20,-0.007306675843677834,0.9742734362745106,False,0.692032,0.002042,-0.002639,0.006722,20,0.20414595070454375,0.3726990468556018,False,0.755170,-0.000499,-0.001659,0.000661,20,-0.20131320297149427,0.37923058356646305,False,1.0,1.0,False,False,1.0,0.661240244421229,False,False,1.0,0.4935561703212221,False,False
prob_alpha_distance,alpha_d,interaction_probability,Eq. 25,0.500000,+50%,0.750000,False,,0.726834,-0.003296,-0.006892,0.000299,20,-0.42908649891797146,0.0701416344531816,False,0.692032,-0.003316,-0.007497,0.000865,20,-0.3711656370925631,0.11334878863731658,False,0.755170,-0.001890,-0.003358,-0.000422,20,-0.6025226456983472,0.01435663373552247,True,1.0,0.233805448177272,False,False,1.0,0.2770748166689961,False,False,1.0,0.024869759226889318,False,True
prob_alpha_load,alpha_L,interaction_probability,Eq. 25,0.400000,-50%,0.200000,False,,0.726834,0.006114,0.001449,0.010778,20,0.6134119363416688,0.012922320587191895,True,0.692032,0.008882,0.003285,0.014478,20,0.7427719346842176,0.003585008115530439,True,0.755170,0.001836,0.000917,0.002755,20,0.9353249522576375,0.0005046244561775874,True,1.0,0.05467135633042725,False,False,0.6130363877557051,0.015774035708333932,False,True,0.06206880810984325,0.001132830411827237,False,True
prob_alpha_load,alpha_L,interaction_probability,Eq. 25,0.400000,-25%,0.300000,False,,0.726834,0.003628,-0.001408,0.008663,20,0.3371861611977581,0.14801763168905915,False,0.692032,0.005756,0.000176,0.011336,20,0.48276182443054827,0.043850203154880384,True,0.755170,0.001140,0.000416,0.001865,20,0.7366277443127991,0.0038140095087275477,True,1.0,0.42847209173148704,False,False,1.0,0.13036546883883357,False,False,0.4027036521143702,0.0072334663096556935,False,True
prob_alpha_load,alpha_L,interaction_probability,Eq. 25,0.400000,+25%,0.500000,False,,0.726834,-0.001996,-0.006618,0.002627,20,-0.20203826119067037,0.3775515920890078,False,0.692032,-0.001036,-0.006391,0.004319,20,-0.0905185364595639,0.6901375232249792,False,0.755170,-0.001353,-0.002384,-0.000321,20,-0.6138680423018279,0.012865330944859341,True,1.0,0.7690865764776085,False,False,1.0,0.9587629654641903,False,False,1.0,0.02264298246295244,False,True
prob_alpha_load,alpha_L,interaction_probability,Eq. 25,0.400000,+50%,0.600000,False,,0.726834,-0.008016,-0.012160,-0.003872,20,-0.9052683855183407,0.0006858718443094857,True,0.692032,-0.006544,-0.013239,0.000151,20,-0.4574925011040211,0.05485426667614292,False,0.755170,-0.002814,-0.003999,-0.001629,20,-1.1112919295633614,8.50398089665282e-05,True,0.1248286756643264,0.0038690206602073553,False,True,1.0,0.15471716241989028,False,False,0.011055175165648667,0.00020559074695204618,True,True
prob_alpha_complexity,alpha_C,interaction_probability,Eq. 25,0.400000,-50%,0.200000,False,,0.726834,0.005365,0.000930,0.009800,20,0.5661338168080803,0.020326867639009472,True,0.692032,0.007145,0.002116,0.012175,20,0.6648942773439773,0.00780619803697372,True,0.755170,0.001544,0.000486,0.002601,20,0.6832582889156261,0.006507118825496122,True,1.0,0.07985555143896579,False,False,1.0,0.03180302903952256,False,True,0.6492768885385107,0.011734148701714318,False,True
prob_alpha_complexity,alpha_C,interaction_probability,Eq. 25,0.400000,-25%,0.300000,False,,0.726834,0.004557,0.001173,0.007941,20,0.6301703510141302,0.010979079337948314,True,0.692032,0.005876,0.001937,0.009815,20,0.698130011178499,0.0056111777420677685,True,0.755170,0.000725,0.000109,0.001341,20,0.5507341649905984,0.023501692072520033,True,1.0,0.04830794908697258,False,True,0.9482890384094529,0.02373959813951748,False,True,1.0,0.03946849050346876,False,True
prob_alpha_complexity,alpha_C,interaction_probability,Eq. 25,0.400000,+25%,0.500000,False,,0.726834,0.001333,-0.003175,0.005842,20,0.13842524538398782,0.5432311606278479,False,0.692032,0.001878,-0.003026,0.006782,20,0.1792333621335413,0.4327207035924612,False,0.755170,-0.000522,-0.001740,0.000697,20,-0.20038624975742772,0.38138431343003526,False,1.0,0.8937893546800261,False,False,1.0,0.7379732929483834,False,False,1.0,0.4935561703212221,False,False
prob_alpha_complexity,alpha_C,interaction_probability,Eq. 25,0.400000,+50%,0.600000,False,,0.726834,-0.004152,-0.008622,0.000317,20,-0.4347933573039132,0.06679634577364399,False,0.692032,-0.001901,-0.007299,0.003497,20,-0.16478294199393886,0.4701666371825384,False,0.755170,-0.001727,-0.002883,-0.000570,20,-0.6988776732215545,0.005569454721810014,True,1.0,0.22961243859690122,False,False,1.0,0.7605636777952828,False,False,0.5680843816246215,0.010296470914270616,False,True
prob_alpha_tie,alpha_tie,interaction_probability,"Eqs. 25, 47",0.300000,-50%,0.150000,False,,0.726834,-0.000162,-0.004060,0.003736,20,-0.0194694496907069,0.9315269435260068,False,0.692032,0.000177,-0.004074,0.004428,20,0.01946252291402231,0.9315512399611879,False,0.755170,-0.000729,-0.001815,0.000357,20,-0.314055932393913,0.1763069194412607,False,1.0,1.0,False,False,1.0,1.0,False,False,1.0,0.25518106761235104,False,False
prob_alpha_tie,alpha_tie,interaction_probability,"Eqs. 25, 47",0.300000,-25%,0.225000,False,,0.726834,0.001712,-0.001999,0.005423,20,0.2159019403938247,0.34640286727077685,False,0.692032,0.002718,-0.001620,0.007056,20,0.29322128375390494,0.20537473117015673,False,0.755170,-0.000012,-0.001284,0.001261,20,-0.004292509796840563,0.9848843611863519,False,1.0,0.7257964838054373,False,False,1.0,0.4183559338651341,False,False,1.0,1.0,False,False
prob_alpha_tie,alpha_tie,interaction_probability,"Eqs. 25, 47",0.300000,+25%,0.375000,False,,0.726834,0.002100,-0.001634,0.005834,20,0.26322915814826986,0.25365389676730976,False,0.692032,0.002509,-0.002006,0.007023,20,0.2600998434597928,0.25914873661024873,False,0.755170,-0.000185,-0.001038,0.000668,20,-0.10143611523406548,0.6552294586472687,False,1.0,0.6341347419182743,False,False,1.0,0.4920138521135242,False,False,1.0,0.759464400365043,False,False
prob_alpha_tie,alpha_tie,interaction_probability,"Eqs. 25, 47",0.300000,+50%,0.450000,False,,0.726834,0.001387,-0.003175,0.005949,20,0.14225867662004807,0.532235823678192,False,0.692032,0.003274,-0.001753,0.008302,20,0.30483646631336686,0.18873509422802384,False,0.755170,0.000507,-0.000715,0.001729,20,0.19432102263833123,0.39567614980626137,False,1.0,0.8937893546800261,False,False,1.0,0.3880534647678995,False,False,1.0,0.5060974009149855,False,False
prob_temperature,tau,interaction_probability,Eq. 25,1.000000,-50%,0.500000,False,,0.726834,0.031486,0.026436,0.036535,20,2.918427649009561,6.191484176485423e-11,True,0.692032,0.033185,0.026248,0.040123,20,2.2387194552061107,5.1634905537893215e-09,True,0.755170,0.012473,0.010925,0.014022,20,3.769504986068555,6.942089710453776e-13,True,1.2073394144146575e-08,5.23894814933382e-10,True,True,9.707362241123924e-07,3.442327035859548e-08,True,True,1.1940394301980493e-10,3.116856604693532e-12,True,True
prob_temperature,tau,interaction_probability,Eq. 25,1.000000,-25%,0.750000,False,,0.726834,0.017503,0.011617,0.023390,20,1.3916584756939667,5.6027552871849895e-06,True,0.692032,0.021266,0.014680,0.027852,20,1.511223923041028,1.8630838715497037e-06,True,0.755170,0.006793,0.005220,0.008366,20,2.020559030011452,2.6234870063207042e-08,True,0.001042112483416408,3.521731894801994e-05,True,True,0.0003390812646220461,1.0499947424077907e-05,True,True,4.0664048597970916e-06,8.74495668773568e-08,True,True
prob_temperature,tau,interaction_probability,Eq. 25,1.000000,+25%,1.250000,False,,0.726834,-0.015307,-0.020599,-0.010015,20,-1.3537092266374662,8.008709780139126e-06,True,0.692032,-0.015324,-0.020707,-0.009940,20,-1.3321624035831936,9.825759001050292e-06,True,0.755170,-0.005882,-0.006983,-0.004782,20,-2.5023192958103815,8.346588846760064e-10,True,0.0014816113093257383,4.894211532307244e-05,True,True,0.0017489851021869518,5.027132512165266e-05,True,True,1.3521473931751304e-07,3.112287366588498e-09,True,True
prob_temperature,tau,interaction_probability,Eq. 25,1.000000,+50%,1.500000,False,,0.726834,-0.022913,-0.029059,-0.016767,20,-1.7446794609346188,2.424808717090952e-07,True,0.692032,-0.024335,-0.031652,-0.017017,20,-1.556366199412968,1.2416843213168766e-06,True,0.755170,-0.010326,-0.011913,-0.008740,20,-3.0458786175153145,2.9616921396225656e-11,True,4.6071365624728085e-05,1.720831992774224e-06,True,True,0.00022722823080098843,7.188698702360864e-06,True,True,4.916408951773459e-09,1.1846768558490262e-10,True,True
success_base,s_0,expected_success,Eq. 27,0.180000,-50%,0.090000,False,,0.726834,-0.102448,-0.108613,-0.096282,20,-7.777093827780412,1.1440805739580306e-18,True,0.692032,-0.108150,-0.113868,-0.102432,20,-8.852249645358688,1.0089174269330117e-19,True,0.755170,-0.042867,-0.044437,-0.041296,20,-12.77731889697155,1.0001663293286947e-22,True,2.4597732340097657e-16,3.404595991142092e-17,True,True,2.1994399907139655e-17,6.102803407120742e-18,True,True,2.0003326586573894e-20,1.047793297391966e-21,True,True
success_base,s_0,expected_success,Eq. 27,0.180000,-25%,0.135000,False,,0.726834,-0.049144,-0.053669,-0.044619,20,-5.082825077228094,3.0712986791013674e-15,True,0.692032,-0.050157,-0.054855,-0.045459,20,-4.996794236714083,4.2009193098232105e-15,True,0.755170,-0.020873,-0.021921,-0.019825,20,-9.321998797847554,3.8179482724296343e-20,True,6.419014239321858e-13,5.630714245019174e-14,True,True,8.653893778235814e-13,6.161348321074042e-14,True,True,7.40681964851349e-18,3.1109208145722946e-19,True,True
success_base,s_0,expected_success,Eq. 27,0.180000,+25%,0.225000,False,,0.726834,0.052736,0.047819,0.057653,20,5.01969887840555,3.862943381079668e-15,True,0.692032,0.056545,0.051772,0.061319,20,5.5439797849926515,6.208629822320856e-16,True,0.755170,0.020617,0.019138,0.022095,20,6.526400052565925,3.018187256898186e-17,True,8.034922232645709e-13,6.537288798750207e-14,True,True,1.291395003042738e-13,1.0506912007004526e-14,True,True,5.6138282978306265e-15,1.8971462757645742e-16,True,True
success_base,s_0,expected_success,Eq. 27,0.180000,+50%,0.270000,False,,0.726834,0.103537,0.099847,0.107227,20,13.13214032951798,5.960249422971025e-23,True,0.692032,0.111805,0.106992,0.116617,20,10.873329841543999,2.1032437756463748e-21,True,0.755170,0.042429,0.041548,0.043310,20,22.529093277713315,2.1664442010890633e-27,True,1.3112548730536254e-20,1.3112548730536254e-20,True,True,4.60610386866556e-19,2.3135681532110124e-19,True,True,4.4195461702216895e-25,2.803633671997611e-26,True,True
success_w_probability,s_P,expected_success,Eq. 27,0.250000,-50%,0.125000,False,,0.726834,-0.119176,-0.125453,-0.112898,20,-8.88533242644531,9.406432811821612e-20,True,0.692032,-0.123523,-0.130086,-0.116959,20,-8.807530755638467,1.1096006194764986e-19,True,0.755170,-0.048872,-0.050381,-0.047364,20,-15.163297247395912,3.925948766954096e-24,True,2.0506023529771113e-17,6.898050728669183e-18,True,True,2.407833344264002e-17,6.102803407120742e-18,True,True,7.969675996916815e-22,4.7983818262772295e-23,True,True
success_w_probability,s_P,expected_success,Eq. 27,0.250000,-25%,0.187500,False,,0.726834,-0.056088,-0.060955,-0.051221,20,-5.393021620394333,1.0330302739541758e-15,True,0.692032,-0.058239,-0.064392,-0.052085,20,-4.429377967541643,3.792225672562765e-14,True,0.755170,-0.024090,-0.025610,-0.022571,20,-7.418869300861888,2.7641647288735224e-18,True,2.1693635753037694e-13,2.0660605479083516e-14,True,True,7.698218115302412e-12,4.634942488687824e-13,True,True,5.251912984859693e-16,1.9616652914586287e-17,True,True
success_w_probability,s_P,expected_success,Eq. 27,0.250000,+25%,0.312500,False,,0.726834,0.063647,0.057674,0.069619,20,4.98745682244575,4.347489337746866e-15,True,0.692032,0.069207,0.062129,0.076285,20,4.576211878466663,2.0954044263105167e-14,True,0.755170,0.025509,0.023739,0.027280,20,6.744566862228386,1.6363630749592385e-17,True,8.999302929136012e-13,6.831768959316504e-14,True,True,4.2746250296734544e-12,2.71169984581361e-13,True,True,3.059998950173776e-15,1.0588231661500956e-16,True,True
success_w_probability,s_P,expected_success,Eq. 27,0.250000,+50%,0.375000,False,,0.726834,0.127841,0.122986,0.132697,20,12.323504984457246,1.9804860414090476e-22,True,0.692032,0.139607,0.134216,0.144998,20,12.119421196935306,2.7147960848507292e-22,True,0.755170,0.052555,0.050906,0.054205,20,14.910698739730151,5.3952256773643e-24,True,4.337264430685814e-20,2.1785346455499523e-20,True,True,5.972551386671604e-20,5.972551386671604e-20,True,True,1.0898355868275886e-21,6.247103415895505e-23,True,True
success_w_link_quality,s_Q,expected_success,Eq. 27,0.150000,-50%,0.075000,False,,0.726834,-0.068099,-0.073598,-0.062601,20,-5.796258012721759,2.7280128589637873e-16,True,0.692032,-0.071221,-0.076249,-0.066194,20,-6.6305655467109075,2.2478065907634343e-17,True,0.755170,-0.028551,-0.029721,-0.027381,20,-11.418515414358492,8.358258470884954e-22,True,5.756107132413592e-14,6.001628289720332e-15,True,True,4.787828038326115e-15,6.181468124599444e-16,True,True,1.646576918764336e-19,7.661736931644541e-21,True,True
success_w_link_quality,s_Q,expected_success,Eq. 27,0.150000,-25%,0.112500,False,,0.726834,-0.033666,-0.038930,-0.028403,20,-2.993500163977248,3.997642515561628e-11,True,0.692032,-0.035871,-0.041511,-0.030231,20,-2.9765619627741944,4.4088826566847875e-11,True,0.755170,-0.014851,-0.016043,-0.013658,20,-5.827989576883946,2.4658693640829726e-16,True,7.83537933050079e-09,3.517925413694233e-10,True,True,8.597321180535336e-09,3.7305930171948204e-10,True,True,4.4632235489901804e-14,1.356228150245635e-15,True,True
success_w_link_quality,s_Q,expected_success,Eq. 27,0.150000,+25%,0.187500,False,,0.726834,0.037425,0.032822,0.042028,20,3.805573159236383,5.855452688589837e-13,True,0.692032,0.040888,0.034663,0.047113,20,3.0741212600781482,2.523854629383133e-11,True,0.755170,0.014775,0.013360,0.016191,20,4.884899222789103,6.361454682968989e-15,True,1.188656895783737e-10,7.156664397165357e-12,True,True,4.971993619884772e-09,2.3135334102678718e-10,True,True,1.1450618429344181e-12,3.4134634884223846e-14,True,True
success_w_link_quality,s_Q,expected_success,Eq. 27,0.150000,+50%,0.225000,False,,0.726834,0.072368,0.068013,0.076723,20,7.776969416601429,1.1444232443562367e-18,True,0.692032,0.078761,0.073722,0.083801,20,7.314139139378644,3.6054280325572336e-18,True,0.755170,0.029645,0.028475,0.030815,20,11.858622574414124,4.0937327451679117e-22,True,2.4597732340097657e-16,3.404595991142092e-17,True,True,7.71561598967248e-16,1.1331345245179878e-16,True,True,8.105590835432465e-20,3.9157443649432196e-21,True,True
success_w_requester_resource,s_ri,expected_success,Eq. 27,0.100000,-50%,0.050000,False,,0.726834,-0.055123,-0.058902,-0.051345,20,-6.827589107056806,1.3027778053956047e-17,True,0.692032,-0.057399,-0.062144,-0.052655,20,-5.662126995559394,4.205940895917113e-16,True,0.755170,-0.022459,-0.023643,-0.021274,20,-8.8738357158293,9.638011723082011e-20,True,2.761888947438682e-15,3.184567968744811e-16,True,True,8.790416472466766e-14,7.710891642514707e-15,True,True,1.8601362625548283e-17,7.572723496707294e-19,True,True
success_w_requester_resource,s_ri,expected_success,Eq. 27,0.100000,-25%,0.075000,False,,0.726834,-0.026855,-0.032484,-0.021225,20,-2.23244433650169,5.402304855096941e-09,True,0.692032,-0.026407,-0.033997,-0.018817,20,-1.6282895720305042,6.57939811207416e-07,True,0.755170,-0.011484,-0.013060,-0.009908,20,-3.4098893847875185,4.116321528785406e-12,True,1.0372425321786127e-06,4.0983002349011275e-08,True,True,0.00012106092526216454,3.912074553125176e-06,True,True,6.956583383647336e-10,1.7415206467938255e-11,True,True
success_w_requester_resource,s_ri,expected_success,Eq. 27,0.100000,+25%,0.125000,False,,0.726834,0.030091,0.025620,0.034561,20,3.1500632611490045,1.6513470565930928e-11,True,0.692032,0.031967,0.026024,0.037910,20,2.5175344927398036,7.546301136766493e-10,True,0.755170,0.011086,0.009671,0.012501,20,3.6669878316962863,1.1352000096738902e-12,True,3.2696671720543237e-09,1.5795493584803497e-10,True,True,1.4337972159856335e-07,5.35543951641493e-09,True,True,1.9411920165423524e-10,4.994880042565116e-12,True,True
success_w_requester_resource,s_ri,expected_success,Eq. 27,0.100000,+50%,0.150000,False,,0.726834,0.057209,0.051693,0.062725,20,4.85375943879599,7.151380202113828e-15,True,0.692032,0.063102,0.057132,0.069071,20,4.94738477724613,5.040267417196762e-15,True,0.755170,0.022506,0.020771,0.024241,20,6.070504483391867,1.1586096024763446e-16,True,1.4731843216354486e-12,1.0488690963100281e-13,True,True,1.0332548205253362e-12,6.930367698645548e-14,True,True,2.1202555725317107e-14,6.707739803810415e-16,True,True
success_w_target_resource,s_rj,expected_success,Eq. 27,0.150000,-50%,0.075000,False,,0.726834,-0.082974,-0.087779,-0.078168,20,-8.080894913787217,5.58138584509972e-19,True,0.692032,-0.087196,-0.092126,-0.082265,20,-8.276582342531793,3.563985304727331e-19,True,0.755170,-0.034981,-0.036255,-0.033707,20,-12.849462552794977,8.992230669094679e-23,True,1.2055793425415396e-16,2.4558097718438767e-17,True,True,7.698208258211034e-17,1.5681535340800253e-17,True,True,1.8074383644880306e-20,9.891453736004146e-22,True,True
success_w_target_resource,s_rj,expected_success,Eq. 27,0.150000,-25%,0.112500,False,,0.726834,-0.042145,-0.048020,-0.036270,20,-3.357582969090981,5.404495203455261e-12,True,0.692032,-0.040842,-0.047434,-0.034250,20,-2.8996456558967245,6.917470569829579e-11,True,0.755170,-0.016093,-0.017806,-0.014380,20,-4.39705814513393,4.331586941046128e-14,True,1.0808990406910522e-09,5.661852117905511e-11,True,True,1.3419892905469384e-08,5.63645750134262e-10,True,True,7.710224755062107e-12,2.2161607605352283e-13,True,True
success_w_target_resource,s_rj,expected_success,Eq. 27,0.150000,+25%,0.187500,False,,0.726834,0.040571,0.035105,0.046038,20,3.47351585575292,2.9699572059973506e-12,True,0.692032,0.044330,0.037493,0.051167,20,3.0345074235635727,3.159821403599958e-11,True,0.755170,0.016172,0.014564,0.017780,20,4.707204230956872,1.2524414686161111e-14,True,5.969613984054675e-10,3.2669529265970854e-11,True,True,6.193249951055918e-09,2.7806428351679633e-10,True,True,2.2418702288228388e-12,6.560407692751058e-14,True,True
success_w_target_resource,s_rj,expected_success,Eq. 27,0.150000,+50%,0.225000,False,,0.726834,0.082032,0.077597,0.086468,20,8.655566620550388,1.53850066719117e-19,True,0.692032,0.089734,0.083090,0.096378,20,6.320647299805432,5.4753039290300735e-17,True,0.755170,0.033744,0.032159,0.035329,20,9.963190073078467,1.0920158101819043e-20,True,3.338546447804839e-17,8.461753669551436e-18,True,True,1.1607644329543756e-14,1.3384076270962401e-15,True,True,2.1294308298547135e-18,9.240133778462267e-20,True,True
success_w_trust,s_T,expected_success,Eq. 27,0.150000,-50%,0.075000,False,,0.726834,-0.056243,-0.061804,-0.050683,20,-4.73401392795069,1.1290661266362814e-14,True,0.692032,-0.058971,-0.064172,-0.053770,20,-5.306635404495934,1.3908507615069276e-15,True,0.755170,-0.022526,-0.024066,-0.020986,20,-6.84430375689176,1.2447357403957952e-17,True,2.3145855596043767e-12,1.552465924124887e-13,True,True,2.87906107631934e-13,2.185622625225172e-14,True,True,2.340103191944095e-15,8.298238269305301e-17,True,True
success_w_trust,s_T,expected_success,Eq. 27,0.150000,-25%,0.112500,False,,0.726834,-0.027244,-0.032252,-0.022236,20,-2.545863861371598,6.262643366722553e-10,True,0.692032,-0.027028,-0.034585,-0.019471,20,-1.6738234192761225,4.4330716654931734e-07,True,0.755170,-0.011774,-0.013379,-0.010168,20,-3.432696938171392,3.659612476288243e-12,True,1.2086901697774527e-07,4.92064835956772e-09,True,True,8.201182581162371e-05,2.709099351134717e-06,True,True,6.221341209690013e-10,1.5786563623204185e-11,True,True
success_w_trust,s_T,expected_success,Eq. 27,0.150000,+25%,0.187500,False,,0.726834,0.030823,0.025236,0.036409,20,2.5822402727465903,4.940553047276598e-10,True,0.692032,0.034571,0.027936,0.041206,20,2.4384916495713993,1.280391744223803e-09,True,0.755170,0.012935,0.011119,0.014751,20,3.334082701815607,6.114952838533974e-12,True,9.5846729117166e-08,4.0256358162994505e-09,True,True,2.4199403965829876e-07,8.802693241538646e-09,True,True,1.0273120768737075e-09,2.538282310334857e-11,True,True
success_w_trust,s_T,expected_success,Eq. 27,0.150000,+50%,0.225000,False,,0.726834,0.064372,0.060482,0.068263,20,7.74437264636042,1.2380349058698517e-18,True,0.692032,0.069271,0.063693,0.074849,20,5.811891769973384,2.5953784155962186e-16,True,0.755170,0.025718,0.024270,0.027166,20,8.312179511297789,3.2883779280837393e-19,True,2.637014349502784e-16,3.404595991142092e-17,True,True,5.450294672752059e-14,5.190756831192437e-15,True,True,6.31368562192078e-17,2.4946315316497334e-18,True,True
success_w_load,s_L,expected_success,Eq. 27,0.100000,-50%,0.050000,False,,0.726834,0.040561,0.034452,0.046671,20,3.10706492177275,2.0974334149952068e-11,True,0.692032,0.044783,0.037412,0.052155,20,2.8432407261960844,9.684631294586747e-11,True,0.755170,0.015718,0.013998,0.017439,20,4.275691650238399,7.194890821739442e-14,True,4.131943827540557e-09,1.9226472970789396e-10,True,True,1.869133839855242e-08,7.609353160032444e-10,True,True,1.2663007846261418e-11,3.5175021795170605e-13,True,True
success_w_load,s_L,expected_success,Eq. 27,0.100000,-25%,0.075000,False,,0.726834,0.019689,0.015118,0.024260,20,2.0159409567293345,2.7186671411752802e-08,True,0.692032,0.022043,0.016480,0.027607,20,1.8544775717829474,9.774251376785811e-08,True,0.755170,0.007171,0.005784,0.008557,20,2.4201338989879977,1.4503034472263765e-09,True,5.192654239644785e-06,1.9936892368618722e-07,True,True,1.818010756082161e-05,6.14381515112251e-07,True,True,2.3059824810899385e-07,5.146238038545207e-09,True,True
success_w_load,s_L,expected_success,Eq. 27,0.100000,+25%,0.125000,False,,0.726834,-0.018441,-0.023791,-0.013092,20,-1.613345543487789,7.498873046382299e-07,True,0.692032,-0.019355,-0.026496,-0.012214,20,-1.2684550557718186,1.8106439019277135e-05,True,0.755170,-0.008391,-0.009795,-0.006987,20,-2.7961784870281114,1.287660060180558e-10,True,0.00014097881327198723,4.9992486975881994e-06,True,True,0.0032048397064120527,9.053219509638568e-05,True,True,2.0988858980943094e-08,4.884227814477978e-10,True,True
success_w_load,s_L,expected_success,Eq. 27,0.100000,+50%,0.150000,False,,0.726834,-0.037636,-0.043042,-0.032230,20,-3.2581635143902754,9.16001148148514e-12,True,0.692032,-0.039766,-0.046400,-0.033132,20,-2.805246561140488,1.2185251452893564e-10,True,0.755170,-0.015605,-0.017287,-0.013923,20,-4.34236774081472,5.435765180248449e-14,True,1.8228422848155427e-09,9.16001148148514e-11,True,True,2.3395682789555645e-08,9.243983860815808e-10,True,True,9.621304369039754e-12,2.7178825901242246e-13,True,True
success_w_complexity,s_C,expected_success,Eq. 27,0.100000,-50%,0.050000,False,,0.726834,0.035889,0.031301,0.040478,20,3.6607722332833625,1.1700096704842958e-12,True,0.692032,0.039200,0.033908,0.044492,20,3.466820515882254,3.0729942966977846e-12,True,0.755170,0.013576,0.012048,0.015103,20,4.159368643783458,1.18475632814457e-13,True,2.3634195343782775e-10,1.3547480395081321e-11,True,True,6.176718536362547e-10,3.380293726367563e-11,True,True,2.061476010971552e-11,5.545667918974582e-13,True,True
success_w_complexity,s_C,expected_success,Eq. 27,0.100000,-25%,0.075000,False,,0.726834,0.016258,0.011853,0.020663,20,1.7272176094040848,2.810020738827076e-07,True,0.692032,0.018176,0.014032,0.022319,20,2.0531080998173006,2.0437895391151815e-08,True,0.755170,0.006547,0.005278,0.007817,20,2.413745047406994,1.5148276158114599e-09,True,5.3109391963831735e-05,1.9318892579436146e-06,True,True,3.82188643814539e-06,1.322452054721588e-07,True,True,2.3934276329821064e-07,5.2898742139447805e-09,True,True
success_w_complexity,s_C,expected_success,Eq. 27,0.100000,+25%,0.125000,False,,0.726834,-0.013942,-0.018261,-0.009623,20,-1.510802831799723,1.8701973488392828e-06,True,0.692032,-0.014965,-0.021590,-0.008340,20,-1.0571332854762272,0.00014649582715126153,True,0.755170,-0.007155,-0.008575,-0.005736,20,-2.3591719830230815,2.204718794292668e-09,True,0.00034972690423294586,1.2101276963077713e-05,True,True,0.02578326557862203,0.0007162018216283896,True,True,3.461408507039489e-07,7.578720855381046e-09,True,True
success_w_complexity,s_C,expected_success,Eq. 27,0.100000,+50%,0.150000,False,,0.726834,-0.032248,-0.036112,-0.028384,20,-3.906022921219719,3.6718452193909917e-13,True,0.692032,-0.033601,-0.038181,-0.029020,20,-3.4334046768966573,3.646320873141894e-12,True,0.755170,-0.014173,-0.015299,-0.013047,20,-5.888797755151113,2.0347820589739947e-16,True,7.490564247557623e-11,4.7517996956824595e-12,True,True,7.292641746283788e-10,3.819955200434365e-11,True,True,3.70330334733267e-14,1.1478257768571252e-15,True,True
trust_learning_rate,lambda,trust_dynamics,Eq. 28,0.100000,-50%,0.050000,False,,0.726834,-0.003445,-0.008938,0.002048,20,-0.2935323860014053,0.2049144834264165,False,0.692032,-0.006733,-0.013296,-0.000170,20,-0.4801224156426945,0.04489757952253384,True,0.755170,-0.001487,-0.002817,-0.000158,20,-0.523521660801001,0.030272758904481736,True,1.0,0.5431468235398992,False,False,1.0,0.1316995665994326,False,False,1.0,0.05045459817413623,False,False
trust_learning_rate,lambda,trust_dynamics,Eq. 28,0.100000,-25%,0.075000,False,,0.726834,0.001545,-0.002766,0.005857,20,0.16773974504219702,0.46235038972919634,False,0.692032,0.000886,-0.003832,0.005605,20,0.0879128619924824,0.6985791506983569,False,0.755170,-0.000771,-0.001746,0.000203,20,-0.3703372842187802,0.11410401234414344,False,1.0,0.8497230327967595,False,False,1.0,0.9587629654641903,False,False,1.0,0.17076790963069088,False,False
trust_learning_rate,lambda,trust_dynamics,Eq. 28,0.100000,+25%,0.125000,False,,0.726834,0.000001,-0.003936,0.003939,20,0.00016979613299761246,0.9994020415064844,False,0.692032,0.002088,-0.002925,0.007100,20,0.19490167773042283,0.39429295336164694,False,0.755170,-0.000147,-0.001556,0.001261,20,-0.048901725506650014,0.8292194823905514,False,1.0,1.0,False,False,1.0,0.6830271633036403,False,False,1.0,0.9076034135617976,False,False
trust_learning_rate,lambda,trust_dynamics,Eq. 28,0.100000,+50%,0.150000,False,,0.726834,0.003284,-0.002090,0.008659,20,0.2860203186943142,0.21625606345437637,False,0.692032,0.006374,-0.001415,0.014163,20,0.382994932047906,0.10302011659928596,False,0.755170,0.000780,-0.000481,0.002040,20,0.28955551290544973,0.21085919728978292,False,1.0,0.5597215759995624,False,False,1.0,0.2575502914982149,False,False,1.0,0.29547148664810347,False,False
social_weight_rho,rho,trust_dynamics,Eq. 48,0.700000,-50%,0.350000,False,,0.726834,0.001811,-0.003228,0.006850,20,0.16819673915752792,0.4611493589080381,False,0.692032,0.001429,-0.003695,0.006553,20,0.13053865130476125,0.5662306637575647,False,0.755170,0.000360,-0.001036,0.001756,20,0.12078186279014437,0.5953669435300097,False,1.0,0.8497230327967595,False,False,1.0,0.8591085932873396,False,False,1.0,0.7004316982705997,False,False
social_weight_rho,rho,trust_dynamics,Eq. 48,0.700000,-25%,0.525000,False,,0.726834,-0.001405,-0.005315,0.002504,20,-0.16820825146198903,0.46111912764905205,False,0.692032,-0.001568,-0.007092,0.003956,20,-0.13283517929034744,0.5594814692880928,False,0.755170,-0.000145,-0.001266,0.000977,20,-0.060339802495277796,0.7901864213071913,False,1.0,0.8497230327967595,False,False,1.0,0.8591085932873396,False,False,1.0,0.8824416887694523,False,False
social_weight_rho,rho,trust_dynamics,Eq. 48,0.700000,+25%,0.875000,False,,0.726834,0.002572,-0.000348,0.005492,20,0.41220506665074136,0.08092102337848592,False,0.692032,0.002108,-0.001716,0.005931,20,0.257982737752495,0.26291643261196956,False,0.755170,0.000003,-0.000756,0.000761,20,0.0017415685551336265,0.9938669113724754,False,1.0,0.2618033109303956,False,False,1.0,0.4920138521135242,False,False,1.0,1.0,False,False
social_weight_rho,rho,trust_dynamics,Eq. 48,0.700000,+50%,1.000000,True,,0.726834,-0.001436,-0.006167,0.003294,20,-0.14210559301119632,0.5326725654994239,False,0.692032,-0.001194,-0.006231,0.003843,20,-0.11095097658363458,0.6254531613456219,False,0.755170,-0.000896,-0.002315,0.000524,20,-0.29537621685298726,0.20220331526309535,False,1.0,0.8937893546800261,False,False,1.0,0.9052611545791895,False,False,1.0,0.2869982539218127,False,False
mu_base,mu,trust_dynamics,Eq. 38,0.650000,-50%,0.325000,False,,0.726834,-0.001376,-0.006763,0.004010,20,-0.1195969990061559,0.5989550928286452,False,0.692032,0.000887,-0.006129,0.007904,20,0.059201868303875894,0.7940461663339028,False,0.755170,-0.000366,-0.002377,0.001644,20,-0.08529650590668775,0.7070961093702326,False,1.0,0.958541870798981,False,False,1.0,0.998229466248335,False,False,1.0,0.8060162904738402,False,False
mu_base,mu,trust_dynamics,Eq. 38,0.650000,-25%,0.487500,False,,0.726834,-0.003401,-0.007476,0.000674,20,-0.3906245783047398,0.09679584444554538,False,0.692032,-0.001714,-0.006460,0.003033,20,-0.16896891896437502,0.45912427170271963,False,0.755170,-0.001483,-0.002322,-0.000644,20,-0.8273192054478924,0.0015201460307664623,True,1.0,0.2957650802502776,False,False,1.0,0.7585425242473621,False,False,0.1763369395689096,0.0031850678739868735,False,True
mu_base,mu,trust_dynamics,Eq. 38,0.650000,+25%,0.812500,False,,0.726834,0.005045,-0.000979,0.011069,20,0.391956472032713,0.09574323155418588,False,0.692032,0.003969,-0.003245,0.011183,20,0.2574846618372202,0.26380873990787546,False,0.755170,0.001064,-0.000358,0.002487,20,0.3502370671278958,0.13378024237494546,False,1.0,0.2957650802502776,False,False,1.0,0.4920138521135242,False,False,1.0,0.19752787464757046,False,False
mu_base,mu,trust_dynamics,Eq. 38,0.650000,+50%,0.975000,False,,0.726834,0.009240,0.004163,0.014316,20,0.8517804563592125,0.0011844221023158267,True,0.692032,0.009058,0.003119,0.014996,20,0.7138273337017222,0.00479589822056928,True,0.755170,0.004295,0.002904,0.005685,20,1.4455672891818736,3.394487349237398e-06,True,0.2131959784168488,0.006355435670962972,False,True,0.8153026974967775,0.020688188402455714,False,True,0.0004888061782901853,9.698535283535424e-06,True,True
mu_evidence_scale,n_0,trust_dynamics,Eq. 38,5.000000,-50%,2.500000,False,,0.726834,0.001156,-0.004897,0.007210,20,0.08940144919264963,0.6937515410659135,False,0.692032,0.003465,-0.003891,0.010821,20,0.2204857656156053,0.3365035301999021,False,0.755170,0.000316,-0.001259,0.001890,20,0.09388285602855462,0.6792995622552083,False,1.0,1.0,False,False,1.0,0.6068096446227742,False,False,1.0,0.7824392863672556,False,False
mu_evidence_scale,n_0,trust_dynamics,Eq. 38,5.000000,-25%,3.750000,False,,0.726834,0.000005,-0.004081,0.004091,20,0.0005863829604183092,0.9979349807449296,False,0.692032,0.000605,-0.005158,0.006368,20,0.049161246128207284,0.8283283572689825,False,0.755170,-0.000044,-0.001227,0.001139,20,-0.017363811573866496,0.9389157635780091,False,1.0,1.0,False,False,1.0,1.0,False,False,1.0,1.0,False,False
mu_evidence_scale,n_0,trust_dynamics,Eq. 38,5.000000,+25%,6.250000,False,,0.726834,-0.002389,-0.007356,0.002579,20,-0.22503237108836266,0.32688051946144825,False,0.692032,-0.001428,-0.007436,0.004580,20,-0.11123040406350647,0.6245882772629935,False,0.755170,-0.000685,-0.001836,0.000467,20,-0.27836848022682287,0.2283045409776243,False,1.0,0.7219020046218252,False,False,1.0,0.9052611545791895,False,False,1.0,0.3139187438442334,False,False
mu_evidence_scale,n_0,trust_dynamics,Eq. 38,5.000000,+50%,7.500000,False,,0.726834,-0.004863,-0.010262,0.000535,20,-0.42159767856794494,0.0747562433057367,False,0.692032,-0.004210,-0.010961,0.002541,20,-0.291879300467216,0.20736938082499268,False,0.755170,-0.001715,-0.002760,-0.000671,20,-0.7685074349835569,0.0027639238575811916,True,1.0,0.2454682616009265,False,False,1.0,0.41854370441741645,False,False,0.3064452260176409,0.005478047285296055,False,True
mu_disagreement_gain,kappa,trust_dynamics,Eq. 38,1.000000,-50%,0.500000,False,,0.726834,-0.000015,-0.004693,0.004663,20,-0.001464916808745787,0.9948411490561253,False,0.692032,0.000518,-0.004470,0.005506,20,0.048590736167721464,0.8302876502147916,False,0.755170,-0.000578,-0.001938,0.000782,20,-0.19891256048690573,0.38482502230434923,False,1.0,1.0,False,False,1.0,1.0,False,False,1.0,0.49509651992372417,False,False
mu_disagreement_gain,kappa,trust_dynamics,Eq. 38,1.000000,-25%,0.750000,False,,0.726834,0.000280,-0.004071,0.004630,20,0.03007244592566657,0.8944310766386677,False,0.692032,0.000796,-0.004737,0.006330,20,0.06736276603280837,0.7664918638717517,False,0.755170,-0.000581,-0.001756,0.000594,20,-0.2314433532280608,0.3136423533017305,False,1.0,1.0,False,False,1.0,0.9828960492537293,False,False,1.0,0.4181898044023074,False,False
mu_disagreement_gain,kappa,trust_dynamics,Eq. 38,1.000000,+25%,1.250000,False,,0.726834,0.001747,-0.002398,0.005892,20,0.1972283149305923,0.3887823635256377,False,0.692032,0.002802,-0.002158,0.007763,20,0.2643804429145241,0.2516545229567087,False,0.755170,0.000572,-0.000343,0.001487,20,0.29240923988067635,0.2065799010650355,False,1.0,0.7846983484003697,False,False,1.0,0.48564907939013957,False,False,1.0,0.29133062970710133,False,False
mu_disagreement_gain,kappa,trust_dynamics,Eq. 38,1.000000,+50%,1.500000,False,,0.726834,0.000900,-0.003832,0.005632,20,0.08902799759565236,0.6949614235491939,False,0.692032,0.001573,-0.003111,0.006257,20,0.1571928523802909,0.49058815748767926,False,0.755170,0.000363,-0.000685,0.001411,20,0.16205851033961166,0.47743797165236396,False,1.0,1.0,False,False,1.0,0.7878058003451784,False,False,1.0,0.5928462684640663,False,False
preference_w_trust,omega_T,preference,Eq. 8,0.500000,-50%,0.250000,False,preference,0.726834,0.001169,-0.003429,0.005767,20,0.11897364545514937,0.6008470523588683,False,0.692032,0.004660,-0.000661,0.009980,20,0.4098824851912008,0.08251257389183603,False,0.755170,0.000903,-0.000607,0.002412,20,0.2798720160275303,0.22589712738998344,False,1.0,0.958541870798981,False,False,1.0,0.22690957820254906,False,False,1.0,0.312562063055323,False,False
preference_w_trust,omega_T,preference,Eq. 8,0.500000,-25%,0.375000,False,preference,0.726834,0.003851,-0.000682,0.008384,20,0.39762231107451573,0.09137536466687983,False,0.692032,0.006009,0.001472,0.010546,20,0.6199051178837476,0.012133266162689943,True,0.755170,0.001420,0.000552,0.002288,20,0.7657970372704829,0.0028408345121199354,True,1.0,0.28717971752447946,False,False,1.0,0.044488642596529786,False,True,0.30965096182107293,0.005580210648807016,False,True
preference_w_trust,omega_T,preference,Eq. 8,0.500000,+25%,0.625000,False,preference,0.726834,0.001987,-0.002065,0.006038,20,0.22952496874736886,0.3175631430445398,False,0.692032,0.002712,-0.002533,0.007957,20,0.2419969748503313,0.29268903611823177,False,0.755170,-0.001060,-0.002487,0.000367,20,-0.34751109707034683,0.13665577756717265,False,1.0,0.7128968517326404,False,False,1.0,0.5321618838513305,False,False,1.0,0.20042847376518655,False,False
preference_w_trust,omega_T,preference,Eq. 8,0.500000,+50%,0.750000,False,preference,0.726834,-0.002105,-0.008344,0.004135,20,-0.15788228723777853,0.4887121407042593,False,0.692032,-0.002338,-0.008857,0.004181,20,-0.1678648717182069,0.4620213556779388,False,0.755170,-0.002753,-0.004501,-0.001005,20,-0.7370168539363396,0.0037990910576827376,True,1.0,0.8741192760563987,False,False,1.0,0.7585425242473621,False,False,0.4027036521143702,0.0072334663096556935,False,True
preference_w_similarity,omega_S,preference,Eq. 8,0.250000,-50%,0.125000,False,preference,0.726834,0.000313,-0.005384,0.006010,20,0.025741298370099676,0.9095590392837073,False,0.692032,0.002039,-0.004565,0.008643,20,0.1444806321338339,0.5259187951167525,False,0.755170,-0.000041,-0.001675,0.001593,20,-0.01179161122057256,0.958494599186261,False,1.0,1.0,False,False,1.0,0.8242371504907248,False,False,1.0,1.0,False,False
preference_w_similarity,omega_S,preference,Eq. 8,0.250000,-25%,0.187500,False,preference,0.726834,0.000751,-0.004765,0.006266,20,0.06372117671072525,0.7787503228926289,False,0.692032,0.001725,-0.004614,0.008064,20,0.1273604009568868,0.5756402704550726,False,0.755170,-0.000060,-0.001558,0.001437,20,-0.01883768175796943,0.933743219993298,False,1.0,1.0,False,False,1.0,0.8629295069699134,False,False,1.0,1.0,False,False
preference_w_similarity,omega_S,preference,Eq. 8,0.250000,+25%,0.312500,False,preference,0.726834,0.000639,-0.004580,0.005858,20,0.05732575947680599,0.8004215882396409,False,0.692032,0.000890,-0.004086,0.005866,20,0.08369317772734888,0.7123351179762215,False,0.755170,-0.001373,-0.002627,-0.000119,20,-0.5124196858042671,0.03352363673042138,True,1.0,1.0,False,False,1.0,0.9614339015629983,False,False,1.0,0.05463111170883484,False,False
preference_w_similarity,omega_S,preference,Eq. 8,0.250000,+50%,0.375000,False,preference,0.726834,0.000396,-0.004921,0.005712,20,0.03482527249257355,0.8778781020192613,False,0.692032,0.001811,-0.004678,0.008300,20,0.1305922220378191,0.5660727464929265,False,0.755170,-0.000954,-0.002312,0.000404,20,-0.3288452474660274,0.15775589544003593,False,1.0,1.0,False,False,1.0,0.8591085932873396,False,False,1.0,0.22984302646892654,False,False
preference_w_qos,omega_Q,preference,Eq. 8,0.250000,-50%,0.125000,False,preference,0.726834,-0.000619,-0.004899,0.003661,20,-0.06763973222980478,0.7655620627630505,False,0.692032,-0.000742,-0.005944,0.004460,20,-0.06678102566570206,0.7684460021438247,False,0.755170,-0.002055,-0.003528,-0.000583,20,-0.6531456768878786,0.008765274526205964,True,1.0,1.0,False,False,1.0,0.9828960492537293,False,False,0.8589969035681845,0.015677726794839936,False,True
preference_w_qos,omega_Q,preference,Eq. 8,0.250000,-25%,0.187500,False,preference,0.726834,-0.000441,-0.005476,0.004595,20,-0.04096010239239141,0.8565980402810079,False,0.692032,-0.000866,-0.005921,0.004189,20,-0.08018230106109753,0.723858252126262,False,0.755170,-0.001461,-0.002853,-0.000069,20,-0.49126236792194783,0.04062666924334576,True,1.0,1.0,False,False,1.0,0.9710293626084002,False,False,1.0,0.06431323386943426,False,False
preference_w_qos,omega_Q,preference,Eq. 8,0.250000,+25%,0.312500,False,preference,0.726834,0.000430,-0.003952,0.004811,20,0.045894927465290725,0.8395610417377481,False,0.692032,0.001692,-0.003667,0.007052,20,0.14777666885837723,0.5166249414543929,False,0.755170,-0.000328,-0.001552,0.000897,20,-0.12525763011999813,0.5819093809630125,False,1.0,1.0,False,False,1.0,0.8236049791301916,False,False,1.0,0.688279912967004,False,False
preference_w_qos,omega_Q,preference,Eq. 8,0.250000,+50%,0.375000,False,preference,0.726834,0.001696,-0.003662,0.007054,20,0.14811541019265043,0.5156750255100907,False,0.692032,0.000309,-0.006688,0.007306,20,0.02066420959567516,0.9273372434981757,False,0.755170,0.000621,-0.000793,0.002036,20,0.20551826083217287,0.36956210379307597,False,1.0,0.8907064974434462,False,False,1.0,1.0,False,False,1.0,0.48684828044596834,False,False
privacy_w_sensitivity,p_S,privacy,Eq. 20,0.450000,-50%,0.225000,False,privacy_risk,0.726834,-0.003187,-0.008599,0.002224,20,-0.2756614303770015,0.23268867602053328,False,0.692032,0.001633,-0.005060,0.008326,20,0.11416859168395596,0.6155279990279127,False,0.755170,-0.001108,-0.002829,0.000614,20,-0.3011152265510561,0.19394525918769084,False,1.0,0.5884081462588198,False,False,1.0,0.9027743985742719,False,False,1.0,0.2788755360868757,False,False
privacy_w_sensitivity,p_S,privacy,Eq. 20,0.450000,-25%,0.337500,False,privacy_risk,0.726834,0.000597,-0.004963,0.006156,20,0.050218160111947234,0.8247016726975923,False,0.692032,0.004687,-0.000846,0.010220,20,0.39644588103366474,0.09226779741077812,False,0.755170,-0.001326,-0.002793,0.000141,20,-0.4231561946616171,0.07377437548765155,False,1.0,1.0,False,False,1.0,0.24193001807689174,False,False,1.0,0.11116686717317356,False,False
privacy_w_sensitivity,p_S,privacy,Eq. 20,0.450000,+25%,0.562500,False,privacy_risk,0.726834,-0.000061,-0.004133,0.004011,20,-0.0070467735716711055,0.9751882188560349,False,0.692032,-0.012109,-0.016082,-0.008136,20,-1.4265693071686913,4.046604343489031e-06,True,0.755170,0.000118,-0.000839,0.001075,20,0.05750299836364741,0.7998186695258102,False,1.0,1.0,False,False,0.0007283887818280256,2.1713486721160653e-05,True,True,1.0,0.8842216447019007,False,False
privacy_w_sensitivity,p_S,privacy,Eq. 20,0.450000,+50%,0.675000,False,privacy_risk,0.726834,0.005916,-0.000304,0.012137,20,0.44512428925922964,0.061099860643620524,False,0.692032,-0.024004,-0.031451,-0.016557,20,-1.5085298912153013,1.9090813498323467e-06,True,0.755170,0.004055,0.002690,0.005420,20,1.3904790801366056,5.664995941587001e-06,True,1.0,0.21680595712252443,False,False,0.00034554372431965473,1.0499947424077907e-05,True,True,0.0008044294237053542,1.577593806517899e-05,True,True
privacy_w_exposure,p_E,privacy,Eq. 20,0.250000,-50%,0.125000,False,privacy_risk,0.726834,0.001809,-0.003841,0.007459,20,0.14984203176125085,0.5108483995964028,False,0.692032,0.004439,-0.002338,0.011217,20,0.30654874256086395,0.1863754518824023,False,0.755170,0.002350,0.000867,0.003832,20,0.7416898162722352,0.003624337689458876,True,1.0,0.8907064974434462,False,False,1.0,0.3880534647678995,False,False,0.38780413277209974,0.006994335891938182,False,True
privacy_w_exposure,p_E,privacy,Eq. 20,0.250000,-25%,0.187500,False,privacy_risk,0.726834,0.002646,-0.002223,0.007516,20,0.2543529030906812,0.26947105035207547,False,0.692032,0.005935,0.000868,0.011002,20,0.5482299081861974,0.02405998712536424,True,0.755170,0.002329,0.000880,0.003778,20,0.7524328830420742,0.0032519441934025467,True,1.0,0.653424983722907,False,False,1.0,0.08019995708454747,False,False,0.351209972887475,0.006331218783615577,False,True
privacy_w_exposure,p_E,privacy,Eq. 20,0.250000,+25%,0.312500,False,privacy_risk,0.726834,-0.000949,-0.006555,0.004657,20,-0.07925075145941216,0.7269272385535616,False,0.692032,-0.001061,-0.008284,0.006162,20,-0.06872824120178989,0.7619113851887744,False,0.755170,-0.001404,-0.003280,0.000471,20,-0.3504229682992618,0.1335859961075825,False,1.0,1.0,False,False,1.0,0.9828960492537293,False,False,1.0,0.19752787464757046,False,False
privacy_w_exposure,p_E,privacy,Eq. 20,0.250000,+50%,0.375000,False,privacy_risk,0.726834,0.000221,-0.004585,0.005028,20,0.021562243497517106,0.9241895071093159,False,0.692032,-0.004964,-0.011656,0.001728,20,-0.3471370696703496,0.1370543180487428,False,0.755170,-0.002398,-0.003949,-0.000847,20,-0.7235010964807239,0.004352315792606835,True,1.0,1.0,False,False,1.0,0.31738894706024645,False,False,0.45264084243111086,0.008183841661311997,False,True
privacy_w_reputation,p_R,privacy,Eq. 20,0.300000,-50%,0.150000,False,privacy_risk,0.726834,0.003600,-0.002119,0.009319,20,0.2946117380031046,0.20332395909824175,False,0.692032,-0.018533,-0.024786,-0.012281,20,-1.3873221566594305,5.835124095063693e-06,True,0.755170,-0.000775,-0.002184,0.000634,20,-0.2574078282170842,0.2639465886994921,False,1.0,0.5431468235398992,False,False,0.001044487213016401,3.056493573604791e-05,True,True,1.0,0.35844598465363126,False,False
privacy_w_reputation,p_R,privacy,Eq. 20,0.300000,-25%,0.225000,False,privacy_risk,0.726834,0.001434,-0.004307,0.007176,20,0.11691922959033439,0.6071030362781239,False,0.692032,-0.008106,-0.014603,-0.001608,20,-0.5838717708678276,0.017171367658447453,True,0.755170,-0.001231,-0.002543,0.000080,20,-0.4394836761570808,0.06415393016160449,False,1.0,0.9608825034617787,False,False,1.0,0.05902657632591312,False,False,1.0,0.09869835409477613,False,False
privacy_w_reputation,p_R,privacy,Eq. 20,0.300000,+25%,0.375000,False,privacy_risk,0.726834,-0.002737,-0.008232,0.002757,20,-0.23318776861467444,0.3101071056366017,False,0.692032,0.005600,-0.001748,0.012948,20,0.3566553404853559,0.1272091032737982,False,0.755170,0.000621,-0.001076,0.002318,20,0.17121089114595842,0.45327515918398054,False,1.0,0.7114344468618902,False,False,1.0,0.30371825423713095,False,False,1.0,0.5665939489799757,False,False
privacy_w_reputation,p_R,privacy,Eq. 20,0.300000,+50%,0.450000,False,privacy_risk,0.726834,-0.002039,-0.007804,0.003726,20,-0.16556047171926092,0.4681036400574329,False,0.692032,0.009158,0.001937,0.016379,20,0.5935749571607334,0.015647392552972695,True,0.755170,0.001893,-0.000162,0.003948,20,0.43109844580880313,0.06894566831445192,False,1.0,0.8497230327967595,False,False,1.0,0.05552300583312891,False,False,1.0,0.1053336599248571,False,False
privacy_threshold_min,theta_min,privacy,Eq. 21,0.600000,-50%,0.300000,False,,0.726834,0.001730,-0.004414,0.007874,20,0.13179796971598573,0.5625244655785548,False,0.692032,-0.112401,-0.121228,-0.103573,20,-5.9590956437085145,1.6332614634236907e-16,True,0.755170,0.006104,0.004470,0.007737,20,1.7484993377180371,2.3481033305782092e-07,True,1.0,0.9167065364983857,False,False,3.4461816878239875e-14,3.593175219532119e-15,True,True,3.522154995867314e-05,7.275813137002901e-07,True,True
privacy_threshold_min,theta_min,privacy,Eq. 21,0.600000,-25%,0.450000,False,,0.726834,0.001322,-0.004228,0.006872,20,0.11148118482876335,0.6238125359981438,False,0.692032,-0.048298,-0.054158,-0.042437,20,-3.857111634133003,4.602436627717961e-13,True,0.755170,0.002977,0.001274,0.004680,20,0.8181572332166355,0.0016689165312609884,True,1.0,0.9802768422827973,False,False,9.296921987990282e-11,5.329137147883955e-12,True,True,0.19192540109501366,0.0034637890271454475,False,True
privacy_threshold_min,theta_min,privacy,Eq. 21,0.600000,+25%,0.750000,False,,0.726834,-0.000597,-0.005391,0.004198,20,-0.05826589750544324,0.797224969308575,False,0.692032,0.027067,0.022085,0.032050,20,2.5425959369557694,6.398288531852958e-10,True,0.755170,-0.001621,-0.003114,-0.000129,20,-0.5084222236576036,0.034771099478990465,True,1.0,1.0,False,False,1.222073109583915e-07,4.69207825669217e-09,True,True,1.0,0.056247366804249285,False,False
privacy_threshold_min,theta_min,privacy,Eq. 21,0.600000,+50%,0.900000,False,,0.726834,0.002179,-0.002375,0.006733,20,0.22392925465207675,0.32919738177929136,False,0.692032,0.036883,0.031795,0.041970,20,3.3929603144910803,4.49375158742898e-12,True,0.755170,-0.001040,-0.002670,0.000591,20,-0.29844317366114065,0.19775632363668885,False,1.0,0.7219020046218252,False,False,8.897628143109379e-10,4.29837108362772e-11,True,True,1.0,0.28250903376669834,False,False
privacy_threshold_max,theta_max,privacy,Eq. 21,0.950000,-50%,0.475000,False,,0.726834,0.005974,-0.000848,0.012797,20,0.409829282224873,0.08254935016169741,False,0.692032,-0.152402,-0.161837,-0.142967,20,-7.559674258335829,1.9448380320828076e-18,True,0.755170,0.010377,0.008851,0.011902,20,3.183500609920812,1.373707278216464e-11,True,1.0,0.26320082660251354,False,False,4.1814017689780365e-16,7.131072784303627e-17,True,True,2.2940911546214947e-09,5.5965852075485573e-11,True,True
privacy_threshold_max,theta_max,privacy,Eq. 21,0.950000,-25%,0.712500,False,,0.726834,-0.002574,-0.008329,0.003181,20,-0.20929647265375598,0.36101743966465993,False,0.692032,-0.051796,-0.058913,-0.044679,20,-3.4059950967090815,4.2000961127476784e-12,True,0.755170,0.001457,-0.000047,0.002960,20,0.45353387987469285,0.05678782257392629,False,1.0,0.7432140991950807,False,False,8.35819126436788e-10,4.200096112747679e-11,True,True,1.0,0.08860511323591336,False,False
privacy_threshold_max,theta_max,privacy,Eq. 21,0.950000,+25%,1.000000,True,,0.726834,0.000400,-0.005803,0.006602,20,0.030156099054260768,0.8941392790636913,False,0.692032,0.007700,0.000466,0.014934,20,0.4981696549639036,0.038168627872964836,True,0.755170,0.000237,-0.001488,0.001962,20,0.06435501780319074,0.7766122788877373,False,1.0,1.0,False,False,1.0,0.11662636294517033,False,False,1.0,0.8717076599760317,False,False
privacy_threshold_max,theta_max,privacy,Eq. 21,0.950000,+50%,1.000000,True,,0.726834,0.000400,-0.005803,0.006602,20,0.030156099054260768,0.8941392790636913,False,0.692032,0.007700,0.000466,0.014934,20,0.4981696549639036,0.038168627872964836,True,0.755170,0.000237,-0.001488,0.001962,20,0.06435501780319074,0.7766122788877373,False,1.0,1.0,False,False,1.0,0.11662636294517033,False,False,1.0,0.8717076599760317,False,False
socialw_trust,v_T,social_weight,Eq. 47,0.400000,-50%,0.200000,False,social_weight,0.726834,-0.000471,-0.003432,0.002489,20,-0.07450910004520563,0.7426210772586733,False,0.692032,-0.001044,-0.003866,0.001778,20,-0.17313394121270506,0.4482944685404681,False,0.755170,-0.000290,-0.000875,0.000294,20,-0.23237627600472924,0.3117481335717476,False,1.0,1.0,False,False,1.0,0.7503594019222258,False,False,1.0,0.4181898044023074,False,False
socialw_trust,v_T,social_weight,Eq. 47,0.400000,-25%,0.300000,False,social_weight,0.726834,-0.000001,-0.002004,0.002002,20,-0.00019472789418374564,0.9993142411874589,False,0.692032,-0.000476,-0.002538,0.001587,20,-0.10792906194332968,0.6348419944946688,False,0.755170,-0.000231,-0.000657,0.000194,20,-0.25452416877053047,0.26915908504444147,False,1.0,1.0,False,False,1.0,0.9128446979661905,False,False,1.0,0.36328220067347927,False,False
socialw_trust,v_T,social_weight,Eq. 47,0.400000,+25%,0.500000,False,social_weight,0.726834,0.001615,-0.000820,0.004049,20,0.3104366611658197,0.18110507391000866,False,0.692032,0.001862,-0.001160,0.004884,20,0.28838808586289505,0.2126296523098595,False,0.755170,0.000254,-0.000334,0.000841,20,0.20204085765239072,0.37754558846213093,False,1.0,0.504343243800024,False,False,1.0,0.42525930461971895,False,False,1.0,0.4935561703212221,False,False
socialw_trust,v_T,social_weight,Eq. 47,0.400000,+50%,0.600000,False,social_weight,0.726834,0.000187,-0.003964,0.004338,20,0.021088243579906553,0.9258507877128177,False,0.692032,0.000288,-0.005600,0.006175,20,0.02285592276437448,0.9196572453069334,False,0.755170,-0.000267,-0.001194,0.000659,20,-0.1351137516475344,0.5528269673688103,False,1.0,1.0,False,False,1.0,1.0,False,False,1.0,0.6609887653322732,False,False
socialw_reciprocity,v_R,social_weight,Eq. 47,0.250000,-50%,0.125000,False,social_weight,0.726834,0.002110,-0.000011,0.004231,20,0.4655069647565983,0.051120179951124584,False,0.692032,0.001576,-0.000768,0.003919,20,0.31461805565945955,0.17557096292145824,False,0.755170,0.000236,-0.000449,0.000921,20,0.16122844078114043,0.47966652630274453,False,1.0,0.18744065982079014,False,False,1.0,0.3750059402205904,False,False,1.0,0.5928462684640663,False,False
socialw_reciprocity,v_R,social_weight,Eq. 47,0.250000,-25%,0.187500,False,social_weight,0.726834,0.001431,-0.000824,0.003686,20,0.29694269895545594,0.19992221844801758,False,0.692032,0.001364,-0.001116,0.003845,20,0.25743471812124874,0.26389833886089026,False,0.755170,0.000261,-0.000391,0.000913,20,0.18758108194971732,0.4119626346391326,False,1.0,0.5429986180069613,False,False,1.0,0.4920138521135242,False,False,1.0,0.5238831191942727,False,False
socialw_reciprocity,v_R,social_weight,Eq. 47,0.250000,+25%,0.312500,False,social_weight,0.726834,-0.000664,-0.003278,0.001951,20,-0.11883535619060566,0.6012671735011791,False,0.692032,-0.000223,-0.002792,0.002347,20,-0.040544620800056504,0.8580358766496708,False,0.755170,-0.000036,-0.000505,0.000434,20,-0.03552057208078149,0.8754611770158724,False,1.0,0.958541870798981,False,False,1.0,1.0,False,False,1.0,0.9534725690271878,False,False
socialw_reciprocity,v_R,social_weight,Eq. 47,0.250000,+50%,0.375000,False,social_weight,0.726834,-0.000265,-0.002738,0.002208,20,-0.050193639340670566,0.8247857675767072,False,0.692032,0.000055,-0.002910,0.003021,20,0.008736722148235652,0.9692407662825936,False,0.755170,-0.000284,-0.001128,0.000560,20,-0.15765053247231073,0.4893423006273281,False,1.0,1.0,False,False,1.0,1.0,False,False,1.0,0.5999720512044833,False,False
socialw_history,v_H,social_weight,Eq. 47,0.200000,-50%,0.100000,False,social_weight,0.726834,0.004708,0.001710,0.007705,20,0.7349614031893297,0.0038785489275418453,True,0.692032,0.005361,0.001421,0.009302,20,0.6368061352172711,0.01028979970444241,True,0.755170,0.000722,-0.000040,0.001483,20,0.4433089767800611,0.06206826363920742,False,0.6865031601749066,0.019392744637709226,False,True,1.0,0.040424213124595175,False,True,1.0,0.09616209859595516,False,False
socialw_history,v_H,social_weight,Eq. 47,0.200000,-25%,0.150000,False,social_weight,0.726834,0.000724,-0.001050,0.002499,20,0.19103686514349366,0.40355894697809475,False,0.692032,0.000685,-0.001524,0.002894,20,0.1451727678763743,0.5239595396917218,False,0.755170,0.000116,-0.000493,0.000725,20,0.08938178808969187,0.6938152167406201,False,1.0,0.8071178939561895,False,False,1.0,0.8242371504907248,False,False,1.0,0.7949966025152938,False,False
socialw_history,v_H,social_weight,Eq. 47,0.200000,+25%,0.250000,False,social_weight,0.726834,0.001270,-0.000329,0.002869,20,0.371798688930835,0.11277449513597497,False,0.692032,0.000805,-0.000552,0.002162,20,0.27759046744494176,0.22955799733799637,False,0.755170,0.000099,-0.000360,0.000559,20,0.10122375943148329,0.6559010730425372,False,1.0,0.33527552607992556,False,False,1.0,0.4549798145437766,False,False,1.0,0.759464400365043,False,False
socialw_history,v_H,social_weight,Eq. 47,0.200000,+50%,0.300000,False,social_weight,0.726834,0.001030,-0.001637,0.003697,20,0.1807919355750877,0.42879603763980256,False,0.692032,-0.000482,-0.002725,0.001762,20,-0.10044942079608453,0.658352605998662,False,0.755170,-0.000166,-0.000739,0.000407,20,-0.1356718092260432,0.5512035917895313,False,1.0,0.8291287696245518,False,False,1.0,0.9301235052666678,False,False,1.0,0.6609887653322732,False,False
socialw_qos,v_Q,social_weight,Eq. 47,0.150000,-50%,0.075000,False,social_weight,0.726834,0.000127,-0.002325,0.002578,20,0.024158243369190008,0.9150975570416213,False,0.692032,0.000410,-0.002380,0.003199,20,0.0687054338319591,0.7619878189489699,False,0.755170,0.000068,-0.000324,0.000460,20,0.08116911057077902,0.7206124375930688,False,1.0,1.0,False,False,1.0,0.9828960492537293,False,False,1.0,0.8171893622189441,False,False
socialw_qos,v_Q,social_weight,Eq. 47,0.150000,-25%,0.112500,False,social_weight,0.726834,0.000353,-0.001694,0.002401,20,0.08076583788493094,0.7219382293417286,False,0.692032,0.000121,-0.001788,0.002031,20,0.02976849343683363,0.8954914487601676,False,0.755170,0.000062,-0.000200,0.000324,20,0.11053147282948454,0.6267526559518495,False,1.0,1.0,False,False,1.0,1.0,False,False,1.0,0.7334339590925898,False,False
socialw_qos,v_Q,social_weight,Eq. 47,0.150000,+25%,0.187500,False,social_weight,0.726834,-0.000435,-0.001167,0.000297,20,-0.2781640589733063,0.22863337293986016,False,0.692032,-0.000827,-0.002026,0.000371,20,-0.3231285412183954,0.16472857671379845,False,0.755170,-0.000029,-0.000267,0.000209,20,-0.05790449823964951,0.7984533529446752,False,1.0,0.5848760703112702,False,False,1.0,0.3613699603808988,False,False,1.0,0.8842216447019007,False,False
socialw_qos,v_Q,social_weight,Eq. 47,0.150000,+50%,0.225000,False,social_weight,0.726834,0.000271,-0.001414,0.001955,20,0.0752802146137643,0.7400607540874917,False,0.692032,0.000088,-0.002241,0.002418,20,0.01769860293248652,0.9377405611327533,False,0.755170,0.000182,-0.000304,0.000668,20,0.17515407653063958,0.44309865558401,False,1.0,1.0,False,False,1.0,1.0,False,False,1.0,0.5570383098770412,False,False
utility_weight_system,W_sys,utility_weights,Eq. 46,0.277778,-50%,0.138889,False,utility_total,0.726834,-0.000412,-0.006290,0.005467,20,-0.03278297491371036,0.8849843431786373,False,0.692032,0.001576,-0.005795,0.008948,20,0.1000741537298054,0.6595421219163644,False,0.755170,0.000686,-0.001373,0.002746,20,0.15593022936365744,0.49403469509312736,False,1.0,1.0,False,False,1.0,0.9301235052666678,False,False,1.0,0.6004841597817018,False,False
utility_weight_system,W_sys,utility_weights,Eq. 46,0.277778,-25%,0.208333,False,utility_total,0.726834,-0.003107,-0.007935,0.001720,20,-0.3012836694159352,0.19370697877657722,False,0.692032,-0.000876,-0.007214,0.005462,20,-0.06469927546352439,0.7754518092827316,False,0.755170,-0.000670,-0.002450,0.001109,20,-0.17633497858578145,0.4400786545897681,False,1.0,0.5326941916355874,False,False,1.0,0.9861236881052079,False,False,1.0,0.5564212874123504,False,False
utility_weight_system,W_sys,utility_weights,Eq. 46,0.277778,+25%,0.347222,False,utility_total,0.726834,0.002747,-0.003044,0.008537,20,0.2220191766969367,0.3332362307065086,False,0.692032,0.001790,-0.005278,0.008859,20,0.118543115868043,0.6021554672029247,False,0.755170,-0.000490,-0.001952,0.000971,20,-0.15708345442048616,0.4908862237127591,False,1.0,0.7219020046218252,False,False,1.0,0.8950959647611043,False,False,1.0,0.5999720512044833,False,False
utility_weight_system,W_sys,utility_weights,Eq. 46,0.277778,+50%,0.416667,False,utility_total,0.726834,0.002938,-0.002576,0.008453,20,0.24935345666284295,0.2786960627233568,False,0.692032,0.001546,-0.006199,0.009292,20,0.09344585848765079,0.6807033461932003,False,0.755170,-0.000829,-0.002231,0.000574,20,-0.27642997492660554,0.23143748617465115,False,1.0,0.659281008592887,False,False,1.0,0.9538518226911087,False,False,1.0,0.31624998110821895,False,False
utility_weight_social,W_soc,utility_weights,Eq. 46,0.222222,-50%,0.111111,False,utility_total,0.726834,0.004057,-0.002036,0.010151,20,0.3116334838330668,0.17950695250758592,False,0.692032,0.005484,-0.001279,0.012246,20,0.3795300828424825,0.1059584302891254,False,0.755170,0.003860,0.002043,0.005677,20,0.9943375947018023,0.00027665684379744724,True,1.0,0.504343243800024,False,False,1.0,0.26191971532143354,False,False,0.03485876231847835,0.0006406790066888252,True,True
utility_weight_social,W_soc,utility_weights,Eq. 46,0.222222,-25%,0.166667,False,utility_total,0.726834,0.000784,-0.003696,0.005264,20,0.08187284196821805,0.7183010381176348,False,0.692032,0.000667,-0.005217,0.006551,20,0.05307473459440865,0.8149200896534035,False,0.755170,0.001298,0.000508,0.002089,20,0.7686202375464666,0.0027607678019607286,True,1.0,1.0,False,False,1.0,1.0,False,False,0.3064452260176409,0.005478047285296055,False,True
utility_weight_social,W_soc,utility_weights,Eq. 46,0.222222,+25%,0.277778,False,utility_total,0.726834,-0.000603,-0.005856,0.004650,20,-0.05372463830866963,0.8126989499817121,False,0.692032,-0.000072,-0.006820,0.006676,20,-0.004995317792134757,0.98240989681397,False,0.755170,-0.002557,-0.004215,-0.000899,20,-0.7216836241292618,0.0044324766537767075,True,1.0,1.0,False,False,1.0,1.0,False,False,0.4565450953390009,0.008263939523990472,False,True
utility_weight_social,W_soc,utility_weights,Eq. 46,0.222222,+50%,0.333333,False,utility_total,0.726834,0.001772,-0.003689,0.007234,20,0.15187547167176138,0.5051969454874881,False,0.692032,0.002599,-0.004457,0.009654,20,0.17239063299408022,0.45021564115333546,False,0.755170,-0.002709,-0.004564,-0.000854,20,-0.6834803895101735,0.006492768885385108,True,1.0,0.8907064974434462,False,False,1.0,0.7503594019222258,False,False,0.6492768885385107,0.011734148701714318,False,True
utility_weight_resource,W_res,utility_weights,Eq. 46,0.166667,-50%,0.083333,False,utility_total,0.726834,0.000000,0.000000,0.000000,20,0.0,1.0,False,0.692032,0.000000,0.000000,0.000000,20,0.0,1.0,False,0.755170,-0.022666,-0.022742,-0.022591,20,-140.75140371044623,1.67662276881227e-42,True,1.0,1.0,False,False,1.0,1.0,False,False,3.688570091374376e-40,9.221425228484677e-41,True,True
utility_weight_resource,W_res,utility_weights,Eq. 46,0.166667,-25%,0.125000,False,utility_total,0.726834,0.000000,0.000000,0.000000,20,0.0,1.0,False,0.692032,0.000000,0.000000,0.000000,20,0.0,1.0,False,0.755170,-0.011333,-0.011371,-0.011295,20,-140.7514037104324,1.676622768815396e-42,True,1.0,1.0,False,False,1.0,1.0,False,False,3.688570091374376e-40,9.221425228484677e-41,True,True
utility_weight_resource,W_res,utility_weights,Eq. 46,0.166667,+25%,0.208333,False,utility_total,0.726834,0.000000,0.000000,0.000000,20,0.0,1.0,False,0.692032,0.000000,0.000000,0.000000,20,0.0,1.0,False,0.755170,0.011333,0.011295,0.011371,20,140.75140371047152,1.6766227688065346e-42,True,1.0,1.0,False,False,1.0,1.0,False,False,3.688570091374376e-40,9.221425228484677e-41,True,True
utility_weight_resource,W_res,utility_weights,Eq. 46,0.166667,+50%,0.250000,False,utility_total,0.726834,0.000000,0.000000,0.000000,20,0.0,1.0,False,0.692032,0.000000,0.000000,0.000000,20,0.0,1.0,False,0.755170,0.022666,0.022591,0.022742,20,140.7514037104608,1.676622768808968e-42,True,1.0,1.0,False,False,1.0,1.0,False,False,3.688570091374376e-40,9.221425228484677e-41,True,True
utility_weight_privacy,W_priv,utility_weights,Eq. 46,0.166667,-50%,0.083333,False,utility_total,0.726834,0.002614,-0.002676,0.007903,20,0.23127713288768287,0.3139807066356032,False,0.692032,0.003474,-0.002495,0.009444,20,0.2724085954030468,0.2380417310316105,False,0.755170,0.022711,0.021391,0.024031,20,8.052499205023581,5.961980711874429e-19,True,1.0,0.7121211903075537,False,False,1.0,0.46344407811463995,False,False,1.138738315968016e-16,4.372119188707915e-18,True,True
utility_weight_privacy,W_priv,utility_weights,Eq. 46,0.166667,-25%,0.125000,False,utility_total,0.726834,0.000920,-0.004426,0.006266,20,0.08053012915894639,0.7227135594270292,False,0.692032,0.000943,-0.004168,0.006055,20,0.08638401282696859,0.7035510833119437,False,0.755170,0.010920,0.009716,0.012124,20,4.2446157162517295,8.210395826693097e-14,True,1.0,1.0,False,False,1.0,0.9587629654641903,False,False,1.436819269671292e-11,3.9267110475488726e-13,True,True
utility_weight_privacy,W_priv,utility_weights,Eq. 46,0.166667,+25%,0.208333,False,utility_total,0.726834,-0.000633,-0.005428,0.004161,20,-0.06181219438133299,0.7852004898654338,False,0.692032,0.001105,-0.004936,0.007147,20,0.08563308988309362,0.7059981836599947,False,0.755170,-0.011407,-0.012762,-0.010052,20,-3.940183630177729,3.1405953782129743e-13,True,1.0,1.0,False,False,1.0,0.9587629654641903,False,False,5.4332300043084456e-11,1.4394395483476131e-12,True,True
utility_weight_privacy,W_priv,utility_weights,Eq. 46,0.166667,+50%,0.250000,False,utility_total,0.726834,-0.002121,-0.008059,0.003817,20,-0.1671663230535165,0.4638600706469158,False,0.692032,-0.000988,-0.007858,0.005881,20,-0.06731919285977789,0.7666381761690111,False,0.755170,-0.022763,-0.024435,-0.021091,20,-6.371805655706368,4.7135701800495635e-17,True,1.0,0.8497230327967595,False,False,1.0,0.9828960492537293,False,False,8.720104833091692e-15,2.880515110030289e-16,True,True
utility_weight_incentive,W_inc,utility_weights,Eq. 46,0.166667,-50%,0.083333,False,utility_total,0.726834,0.001131,-0.003722,0.005983,20,0.10904534415745108,0.6313662878066453,False,0.692032,-0.001017,-0.006438,0.004405,20,-0.0877661448602064,0.6990556845299796,False,0.755170,-0.004456,-0.005812,-0.003100,20,-1.5375614841171592,1.4693620878241005e-06,True,1.0,0.9851105199819996,False,False,1.0,0.9587629654641903,False,False,0.00021452686482231867,4.310128790950695e-06,True,True
utility_weight_incentive,W_inc,utility_weights,Eq. 46,0.166667,-25%,0.125000,False,utility_total,0.726834,0.001624,-0.002588,0.005837,20,0.18045624378253958,0.4296394533509041,False,0.692032,0.000826,-0.004390,0.006041,20,0.07408694336453593,0.7440240661749713,False,0.755170,-0.002121,-0.003244,-0.000998,20,-0.884169325631994,0.0008508402158780717,True,1.0,0.8291287696245518,False,False,1.0,0.9828960492537293,False,False,0.1021008259053686,0.0018533153217146115,False,True
utility_weight_incentive,W_inc,utility_weights,Eq. 46,0.166667,+25%,0.208333,False,utility_total,0.726834,-0.000705,-0.004293,0.002884,20,-0.0918840509704927,0.685730147212972,False,0.692032,0.003227,-0.001473,0.007927,20,0.32130666527503504,0.16700272020887,False,0.755170,0.001502,0.000291,0.002713,20,0.5805355926077721,0.017727073988476175,True,1.0,1.0,False,False,1.0,0.3613699603808988,False,False,1.0,0.030468408417693427,False,True
utility_weight_incentive,W_inc,utility_weights,Eq. 46,0.166667,+50%,0.250000,False,utility_total,0.726834,0.001838,-0.003297,0.006973,20,0.1675598142338522,0.462823784705975,False,0.692032,0.004716,-0.001800,0.011232,20,0.3387276471147352,0.14627330921412163,False,0.755170,0.004081,0.002237,0.005924,20,1.0360893512569265,0.00018118375464181645,True,1.0,0.8497230327967595,False,False,1.0,0.3283686533378241,False,False,0.02301033683951069,0.0004240470853319108,True,True
utility_alpha_success,alpha_s,utility_terms,Eq. 40,0.700000,-50%,0.350000,False,system_utility,0.726834,-0.000170,-0.005173,0.004834,20,-0.01586801170990206,0.9441681173396546,False,0.692032,0.000721,-0.005311,0.006754,20,0.055967946309813534,0.8050447381592227,False,0.755170,0.007410,0.005986,0.008834,20,2.434965314932442,1.3113378934542625e-09,True,1.0,1.0,False,False,1.0,1.0,False,False,2.09814062952682e-07,4.729415353441603e-09,True,True
utility_alpha_success,alpha_s,utility_terms,Eq. 40,0.700000,-25%,0.525000,False,system_utility,0.726834,-0.000590,-0.006129,0.004948,20,-0.04989265301335631,0.8258181879149593,False,0.692032,0.000232,-0.005888,0.006352,20,0.017752639906688746,0.9375508913329774,False,0.755170,0.003300,0.001912,0.004689,20,1.1124071969266638,8.4096958077826e-05,True,1.0,1.0,False,False,1.0,1.0,False,False,0.011016701508195205,0.00020557034196801909,True,True
utility_alpha_success,alpha_s,utility_terms,Eq. 40,0.700000,+25%,0.875000,False,system_utility,0.726834,-0.000405,-0.005337,0.004528,20,-0.03839558581279138,0.8654809501813322,False,0.692032,0.000288,-0.004225,0.004801,20,0.02987394412995581,0.8951235493028454,False,0.755170,-0.004524,-0.005760,-0.003289,20,-1.7137855974733691,3.149235343882973e-07,True,1.0,1.0,False,False,1.0,1.0,False,False,4.6923606623856295e-05,9.62266355075353e-07,True,True
utility_alpha_success,alpha_s,utility_terms,Eq. 40,0.700000,+50%,1.000000,True,system_utility,0.726834,0.001420,-0.003325,0.006165,20,0.1400555901067536,0.5385399783382642,False,0.692032,0.002777,-0.003780,0.009333,20,0.19821714510245328,0.38645575074628535,False,0.755170,-0.006646,-0.008141,-0.005151,20,-2.08067707948258,1.6575212791888696e-08,True,1.0,0.8937893546800261,False,False,1.0,0.6781522900435134,False,False,2.5857331955346365e-06,5.61007202187002e-08,True,True
utility_alpha_delay,alpha_delay,utility_terms,Eq. 40,0.300000,-50%,0.150000,False,system_utility,0.726834,0.001193,-0.004430,0.006816,20,0.09927586627021304,0.6620756149139426,False,0.692032,0.001951,-0.004463,0.008364,20,0.1423386939166564,0.5320076153167406,False,0.755170,-0.003430,-0.004804,-0.002057,20,-1.169141510254865,4.7838420765387246e-05,True,1.0,1.0,False,False,1.0,0.8242371504907248,False,False,0.006458186803327278,0.00012237735544633945,True,True
utility_alpha_delay,alpha_delay,utility_terms,Eq. 40,0.300000,-25%,0.225000,False,system_utility,0.726834,-0.000681,-0.005597,0.004235,20,-0.06484735053699228,0.7749528245297564,False,0.692032,0.000449,-0.004854,0.005753,20,0.03965760633808033,0.8611072206095943,False,0.755170,-0.002643,-0.003689,-0.001597,20,-1.1823972295128913,4.19686933875452e-05,True,1.0,1.0,False,False,1.0,1.0,False,False,0.005707742300706147,0.00010862485347364639,True,True
utility_alpha_delay,alpha_delay,utility_terms,Eq. 40,0.300000,+25%,0.375000,False,system_utility,0.726834,0.000365,-0.005648,0.006378,20,0.02840994827410545,0.9002333232978662,False,0.692032,0.000843,-0.005509,0.007195,20,0.06210036521756186,0.7842257684860537,False,0.755170,0.000952,-0.000630,0.002534,20,0.28171578365148,0.22297172286941286,False,1.0,1.0,False,False,1.0,0.9915498222237461,False,False,1.0,0.31046695589411916,False,False
utility_alpha_delay,alpha_delay,utility_terms,Eq. 40,0.300000,+50%,0.450000,False,system_utility,0.726834,-0.000443,-0.006367,0.005481,20,-0.03498786133659533,0.8773128171817063,False,0.692032,0.000021,-0.006683,0.006726,20,0.0014958951679171835,0.9947320573637276,False,0.755170,0.003000,0.001385,0.004616,20,0.8691076022325088,0.000992352272071787,True,1.0,1.0,False,False,1.0,1.0,False,False,0.11808992037654265,0.0021403676456450307,False,True
utility_beta_trust,beta_T,utility_terms,Eq. 41,0.400000,-50%,0.200000,False,social_utility,0.726834,0.000432,-0.004542,0.005406,20,0.04063984643661493,0.8577062888975452,False,0.692032,0.005065,-0.000890,0.011021,20,0.3980580793371147,0.09104670034050633,False,0.755170,0.005608,0.004118,0.007098,20,1.7616122545306006,2.103403111605259e-07,True,1.0,1.0,False,False,1.0,0.24193001807689174,False,False,3.176138698523941e-05,6.610695493616529e-07,True,True
utility_beta_trust,beta_T,utility_terms,Eq. 41,0.400000,-25%,0.300000,False,social_utility,0.726834,0.002899,-0.003285,0.009083,20,0.2194120554807744,0.3388045400095469,False,0.692032,0.005753,-0.002638,0.014144,20,0.32087580065927435,0.16754425435841672,False,0.755170,0.002877,0.001267,0.004488,20,0.8359975240748709,0.0013914006685502608,True,1.0,0.7236601825446632,False,False,1.0,0.3613699603808988,False,False,0.16279387822038052,0.00294334756808709,False,True
utility_beta_trust,beta_T,utility_terms,Eq. 41,0.400000,+25%,0.500000,False,social_utility,0.726834,0.004209,-0.000127,0.008545,20,0.4543211624658823,0.05639846946692543,False,0.692032,0.001241,-0.004331,0.006813,20,0.10423799754843674,0.6463963796597927,False,0.755170,-0.003110,-0.004360,-0.001861,20,-1.164837710883203,4.991927569179938e-05,True,1.0,0.20340431611022286,False,False,1.0,0.9234233995139896,False,False,0.006647821650499272,0.00012479818922949846,True,True
utility_beta_trust,beta_T,utility_terms,Eq. 41,0.400000,+50%,0.600000,False,social_utility,0.726834,-0.002653,-0.008263,0.002957,20,-0.2213309016906681,0.3347000203246644,False,0.692032,-0.006890,-0.013268,-0.000513,20,-0.5056834801520839,0.035650318663726664,True,0.755170,-0.007581,-0.008824,-0.006337,20,-2.8529553590896386,9.135852423439375e-11,True,1.0,0.7219020046218252,False,False,1.0,0.11204385865742665,False,False,1.4982797974440573e-08,3.5261184792222147e-10,True,True
utility_beta_preference,beta_P,utility_terms,Eq. 41,0.300000,-50%,0.150000,False,social_utility,0.726834,0.001285,-0.002374,0.004944,20,0.16439046406918306,0.47121004546002115,False,0.692032,0.003990,-0.001094,0.009075,20,0.3672849362676906,0.11692391462886771,False,0.755170,0.001427,0.000021,0.002834,20,0.4749553502654928,0.04701417164985168,True,1.0,0.8497230327967595,False,False,1.0,0.2826732002016582,False,False,1.0,0.07387941259262407,False,False
utility_beta_preference,beta_P,utility_terms,Eq. 41,0.300000,-25%,0.225000,False,social_utility,0.726834,-0.000060,-0.004650,0.004530,20,-0.0061300380909153854,0.978415141662009,False,0.692032,0.002485,-0.003166,0.008136,20,0.20582856638635832,0.3688552457942739,False,0.755170,0.000373,-0.000844,0.001589,20,0.14338591646023163,0.5290258937259693,False,1.0,1.0,False,False,1.0,0.6597410900385388,False,False,1.0,0.639481849558864,False,False
utility_beta_preference,beta_P,utility_terms,Eq. 41,0.300000,+25%,0.375000,False,social_utility,0.726834,0.002142,-0.001959,0.006243,20,0.2444858789683265,0.28789876203609316,False,0.692032,0.002286,-0.001934,0.006506,20,0.2535687062883167,0.27090291088437624,False,0.755170,-0.001278,-0.002331,-0.000226,20,-0.5683914064581485,0.01989684868623322,True,1.0,0.6738056132759628,False,False,1.0,0.5008289108786788,False,False,1.0,0.03393261016256828,False,True
utility_beta_preference,beta_P,utility_terms,Eq. 41,0.300000,+50%,0.450000,False,social_utility,0.726834,-0.002003,-0.006487,0.002481,20,-0.20909382732385778,0.36147231188124385,False,0.692032,-0.003647,-0.009879,0.002585,20,-0.27386987487252584,0.23562544584447984,False,0.755170,-0.003035,-0.004227,-0.001843,20,-1.1919880489283778,3.8184772214715335e-05,True,1.0,0.7432140991950807,False,False,1.0,0.46283569719451395,False,False,0.005231313793416001,0.00010000773675282587,True,True
utility_beta_reciprocity,beta_R,utility_terms,Eq. 41,0.300000,-50%,0.150000,False,social_utility,0.726834,0.001562,-0.003288,0.006411,20,0.15071413556330732,0.5084202334666666,False,0.692032,-0.004670,-0.011030,0.001691,20,-0.34359959881753477,0.14087171067682722,False,0.755170,-0.007555,-0.008741,-0.006369,20,-2.9817458178260066,4.2785158343211006e-11,True,1.0,0.8907064974434462,False,False,1.0,0.31950284895775244,False,False,7.059551126629816e-09,1.6808455063404323e-10,True,True
utility_beta_reciprocity,beta_R,utility_terms,Eq. 41,0.300000,-25%,0.225000,False,social_utility,0.726834,-0.000460,-0.005100,0.004180,20,-0.0464459234329488,0.8376636484169596,False,0.692032,-0.003277,-0.009412,0.002858,20,-0.24996340242933363,0.27755829815413297,False,0.755170,-0.004814,-0.006286,-0.003342,20,-1.5305300580843675,1.5652197326070108e-06,True,1.0,1.0,False,False,1.0,0.5088568799492438,False,False,0.00022695686122801656,4.530899225967663e-06,True,True
utility_beta_reciprocity,beta_R,utility_terms,Eq. 41,0.300000,+25%,0.375000,False,social_utility,0.726834,0.003437,-0.001719,0.008593,20,0.31197195756628776,0.17905704712343115,False,0.692032,0.007707,0.001892,0.013521,20,0.6202653242157918,0.012090869995015668,True,0.755170,0.003713,0.002329,0.005097,20,1.2553629336595358,2.0554588391498644e-05,True,1.0,0.504343243800024,False,False,1.0,0.044488642596529786,False,True,0.0028570877864183115,5.5146456660118306e-05,True,True
utility_beta_reciprocity,beta_R,utility_terms,Eq. 41,0.300000,+50%,0.450000,False,social_utility,0.726834,-0.000952,-0.005834,0.003931,20,-0.0912378030631028,0.6878145685984272,False,0.692032,0.004000,-0.001742,0.009742,20,0.3260153464939279,0.16117678353296655,False,0.755170,0.005672,0.004258,0.007087,20,1.876871116528799,8.15242040443913e-08,True,1.0,1.0,False,False,1.0,0.358170630073259,False,False,1.255472742283626e-05,2.6769141626516545e-07,True,True
utility_gamma_energy,gamma_E,utility_terms,Eq. 42,0.400000,-50%,0.200000,False,resource_utility,0.726834,0.000000,0.000000,0.000000,20,0.0,1.0,False,0.692032,0.000000,0.000000,0.000000,20,0.0,1.0,False,0.755170,-0.000733,-0.000736,-0.000731,20,-130.85290158819095,6.700758211021852e-42,True,1.0,1.0,False,False,1.0,1.0,False,False,1.447363773544585e-39,1.8427085080838835e-40,True,True
utility_gamma_energy,gamma_E,utility_terms,Eq. 42,0.400000,-25%,0.300000,False,resource_utility,0.726834,0.000000,0.000000,0.000000,20,0.0,1.0,False,0.692032,0.000000,0.000000,0.000000,20,0.0,1.0,False,0.755170,-0.000367,-0.000368,-0.000365,20,-130.85290158834354,6.700758210873359e-42,True,1.0,1.0,False,False,1.0,1.0,False,False,1.447363773544585e-39,1.8427085080838835e-40,True,True
utility_gamma_energy,gamma_E,utility_terms,Eq. 42,0.400000,+25%,0.500000,False,resource_utility,0.726834,0.000000,0.000000,0.000000,20,0.0,1.0,False,0.692032,0.000000,0.000000,0.000000,20,0.0,1.0,False,0.755170,0.000367,0.000365,0.000368,20,130.85290158836287,6.70075821085456e-42,True,1.0,1.0,False,False,1.0,1.0,False,False,1.447363773544585e-39,1.8427085080838835e-40,True,True
utility_gamma_energy,gamma_E,utility_terms,Eq. 42,0.400000,+50%,0.600000,False,resource_utility,0.726834,0.000000,0.000000,0.000000,20,0.0,1.0,False,0.692032,0.000000,0.000000,0.000000,20,0.0,1.0,False,0.755170,0.000733,0.000731,0.000736,20,130.8529015879933,6.700758211214123e-42,True,1.0,1.0,False,False,1.0,1.0,False,False,1.447363773544585e-39,1.8427085080838835e-40,True,True
utility_gamma_bandwidth,gamma_B,utility_terms,Eq. 42,0.300000,-50%,0.150000,False,resource_utility,0.726834,0.000000,0.000000,0.000000,20,0.0,1.0,False,0.692032,0.000000,0.000000,0.000000,20,0.0,1.0,False,0.755170,0.000315,0.000312,0.000317,20,55.81934419091125,7.163380366432045e-35,True,1.0,1.0,False,False,1.0,1.0,False,False,1.4899831161259462e-32,9.849648004144745e-34,True,True
utility_gamma_bandwidth,gamma_B,utility_terms,Eq. 42,0.300000,-25%,0.225000,False,resource_utility,0.726834,0.000000,0.000000,0.000000,20,0.0,1.0,False,0.692032,0.000000,0.000000,0.000000,20,0.0,1.0,False,0.755170,0.000157,0.000156,0.000159,20,55.81934419082154,7.163380366650724e-35,True,1.0,1.0,False,False,1.0,1.0,False,False,1.4899831161259462e-32,9.849648004144745e-34,True,True
utility_gamma_bandwidth,gamma_B,utility_terms,Eq. 42,0.300000,+25%,0.375000,False,resource_utility,0.726834,0.000000,0.000000,0.000000,20,0.0,1.0,False,0.692032,0.000000,0.000000,0.000000,20,0.0,1.0,False,0.755170,-0.000157,-0.000159,-0.000156,20,-55.81934419109255,7.163380365990127e-35,True,1.0,1.0,False,False,1.0,1.0,False,False,1.4899831161259462e-32,9.849648004144745e-34,True,True
utility_gamma_bandwidth,gamma_B,utility_terms,Eq. 42,0.300000,+50%,0.450000,False,resource_utility,0.726834,0.000000,0.000000,0.000000,20,0.0,1.0,False,0.692032,0.000000,0.000000,0.000000,20,0.0,1.0,False,0.755170,-0.000315,-0.000317,-0.000312,20,-55.81934419096354,7.163380366304577e-35,True,1.0,1.0,False,False,1.0,1.0,False,False,1.4899831161259462e-32,9.849648004144745e-34,True,True
utility_gamma_compute,gamma_C,utility_terms,Eq. 42,0.300000,-50%,0.150000,False,resource_utility,0.726834,0.000000,0.000000,0.000000,20,0.0,1.0,False,0.692032,0.000000,0.000000,0.000000,20,0.0,1.0,False,0.755170,0.000314,0.000311,0.000316,20,59.330710231285416,2.248298925411896e-35,True,1.0,1.0,False,False,1.0,1.0,False,False,4.766393721673855e-33,4.121881363346067e-34,True,True
utility_gamma_compute,gamma_C,utility_terms,Eq. 42,0.300000,-25%,0.225000,False,resource_utility,0.726834,0.000000,0.000000,0.000000,20,0.0,1.0,False,0.692032,0.000000,0.000000,0.000000,20,0.0,1.0,False,0.755170,0.000157,0.000156,0.000158,20,59.33071023126427,2.2482989254271223e-35,True,1.0,1.0,False,False,1.0,1.0,False,False,4.766393721673855e-33,4.121881363346067e-34,True,True
utility_gamma_compute,gamma_C,utility_terms,Eq. 42,0.300000,+25%,0.375000,False,resource_utility,0.726834,0.000000,0.000000,0.000000,20,0.0,1.0,False,0.692032,0.000000,0.000000,0.000000,20,0.0,1.0,False,0.755170,-0.000157,-0.000158,-0.000156,20,-59.330710231216514,2.248298925461491e-35,True,1.0,1.0,False,False,1.0,1.0,False,False,4.766393721673855e-33,4.121881363346067e-34,True,True
utility_gamma_compute,gamma_C,utility_terms,Eq. 42,0.300000,+50%,0.450000,False,resource_utility,0.726834,0.000000,0.000000,0.000000,20,0.0,1.0,False,0.692032,0.000000,0.000000,0.000000,20,0.0,1.0,False,0.755170,-0.000314,-0.000316,-0.000311,20,-59.330710231416056,2.2482989253178562e-35,True,1.0,1.0,False,False,1.0,1.0,False,False,4.766393721673855e-33,4.121881363346067e-34,True,True
utility_delta_privacy,delta,utility_terms,Eq. 43,1.000000,-50%,0.500000,False,,0.726834,0.003174,-0.003686,0.010035,20,0.21653760508556702,0.34501821514441655,False,0.692032,0.004904,-0.002608,0.012417,20,0.30551457533699616,0.1877977784578546,False,0.755170,0.039717,0.038225,0.041209,20,12.457013224629721,1.6157668279916738e-22,True,1.0,0.7257964838054373,False,False,1.0,0.3880534647678995,False,False,3.215375987703431e-20,1.6157668279916736e-21,True,True
utility_delta_privacy,delta,utility_terms,Eq. 43,1.000000,-25%,0.750000,False,,0.726834,0.003302,-0.002823,0.009426,20,0.2522896270214977,0.27325044773867024,False,0.692032,0.006323,-0.001279,0.013924,20,0.3892943808326667,0.09785707845574564,False,0.755170,0.019771,0.018295,0.021248,20,6.267118319480812,6.412424436148837e-17,True,1.0,0.653424983722907,False,False,1.0,0.2518908236671483,False,False,1.179886096251386e-14,3.81279290798039e-16,True,True
utility_delta_privacy,delta,utility_terms,Eq. 43,1.000000,+25%,1.250000,False,,0.726834,-0.002490,-0.008728,0.003747,20,-0.18684812565914713,0.41375934334570125,False,0.692032,-0.002202,-0.009400,0.004997,20,-0.143151416450792,0.5296927785720943,False,0.755170,-0.021034,-0.022445,-0.019624,20,-6.98073987108329,8.614504479409704e-18,True,1.0,0.8200635633878763,False,False,1.0,0.8242371504907248,False,False,1.6281413466084342e-15,5.922471829594171e-17,True,True
utility_delta_privacy,delta,utility_terms,Eq. 43,1.000000,+50%,1.500000,False,,0.726834,0.001806,-0.003935,0.007547,20,0.14720536638125173,0.5182292348761869,False,0.692032,0.002533,-0.003791,0.008857,20,0.18743862098660385,0.4123114597649953,False,0.755170,-0.037544,-0.039295,-0.035793,20,-10.03462018459704,9.5457367008102e-21,True,1.0,0.8907064974434462,False,False,1.0,0.7086603214710856,False,False,1.8709643933587995e-18,8.400248296712977e-20,True,True
utility_eta_resource,eta_res,utility_terms,Eq. 44,0.500000,-50%,0.250000,False,fairness_utility,0.726834,0.000000,0.000000,0.000000,20,0.0,1.0,False,0.692032,0.000000,0.000000,0.000000,20,0.0,1.0,False,0.755170,0.000000,0.000000,0.000000,20,0.0,1.0,False,1.0,1.0,False,False,1.0,1.0,False,False,1.0,1.0,False,False
utility_eta_resource,eta_res,utility_terms,Eq. 44,0.500000,-25%,0.375000,False,fairness_utility,0.726834,0.000000,0.000000,0.000000,20,0.0,1.0,False,0.692032,0.000000,0.000000,0.000000,20,0.0,1.0,False,0.755170,0.000000,0.000000,0.000000,20,0.0,1.0,False,1.0,1.0,False,False,1.0,1.0,False,False,1.0,1.0,False,False
utility_eta_resource,eta_res,utility_terms,Eq. 44,0.500000,+25%,0.625000,False,fairness_utility,0.726834,0.000000,0.000000,0.000000,20,0.0,1.0,False,0.692032,0.000000,0.000000,0.000000,20,0.0,1.0,False,0.755170,0.000000,0.000000,0.000000,20,0.0,1.0,False,1.0,1.0,False,False,1.0,1.0,False,False,1.0,1.0,False,False
utility_eta_resource,eta_res,utility_terms,Eq. 44,0.500000,+50%,0.750000,False,fairness_utility,0.726834,0.000000,0.000000,0.000000,20,0.0,1.0,False,0.692032,0.000000,0.000000,0.000000,20,0.0,1.0,False,0.755170,0.000000,0.000000,0.000000,20,0.0,1.0,False,1.0,1.0,False,False,1.0,1.0,False,False,1.0,1.0,False,False
utility_eta_load,eta_L,utility_terms,Eq. 44,0.500000,-50%,0.250000,False,fairness_utility,0.726834,0.000000,0.000000,0.000000,20,0.0,1.0,False,0.692032,0.000000,0.000000,0.000000,20,0.0,1.0,False,0.755170,0.000000,0.000000,0.000000,20,0.0,1.0,False,1.0,1.0,False,False,1.0,1.0,False,False,1.0,1.0,False,False
utility_eta_load,eta_L,utility_terms,Eq. 44,0.500000,-25%,0.375000,False,fairness_utility,0.726834,0.000000,0.000000,0.000000,20,0.0,1.0,False,0.692032,0.000000,0.000000,0.000000,20,0.0,1.0,False,0.755170,0.000000,0.000000,0.000000,20,0.0,1.0,False,1.0,1.0,False,False,1.0,1.0,False,False,1.0,1.0,False,False
utility_eta_load,eta_L,utility_terms,Eq. 44,0.500000,+25%,0.625000,False,fairness_utility,0.726834,0.000000,0.000000,0.000000,20,0.0,1.0,False,0.692032,0.000000,0.000000,0.000000,20,0.0,1.0,False,0.755170,0.000000,0.000000,0.000000,20,0.0,1.0,False,1.0,1.0,False,False,1.0,1.0,False,False,1.0,1.0,False,False
utility_eta_load,eta_L,utility_terms,Eq. 44,0.500000,+50%,0.750000,False,fairness_utility,0.726834,0.000000,0.000000,0.000000,20,0.0,1.0,False,0.692032,0.000000,0.000000,0.000000,20,0.0,1.0,False,0.755170,0.000000,0.000000,0.000000,20,0.0,1.0,False,1.0,1.0,False,False,1.0,1.0,False,False,1.0,1.0,False,False
utility_zeta_coop,zeta_c,utility_terms,Eq. 45,0.400000,-50%,0.200000,False,incentive_utility,0.726834,-0.000898,-0.005318,0.003522,20,-0.09510901480971555,0.6753671513467748,False,0.692032,-0.005509,-0.011975,0.000957,20,-0.3987159249300669,0.09055248600801188,False,0.755170,-0.005612,-0.006674,-0.004549,20,-2.4714087717018463,1.0257895152977602e-09,True,1.0,1.0,False,False,1.0,0.24193001807689174,False,False,1.651521119629394e-07,3.761228222758454e-09,True,True
utility_zeta_coop,zeta_c,utility_terms,Eq. 45,0.400000,-25%,0.300000,False,incentive_utility,0.726834,-0.002664,-0.007508,0.002180,20,-0.25739090915129753,0.26397695075576505,False,0.692032,-0.005459,-0.010913,-0.000005,20,-0.46842829678141695,0.049817248590099936,True,0.755170,-0.003847,-0.004849,-0.002844,20,-1.7952167440280355,1.5898021155628392e-07,True,1.0,0.6525272940030148,False,False,1.0,0.14233499597171412,False,False,2.4164992156555156e-05,5.068934281504705e-07,True,True
utility_zeta_coop,zeta_c,utility_terms,Eq. 45,0.400000,+25%,0.500000,False,incentive_utility,0.726834,0.001675,-0.004005,0.007355,20,0.13802057280797372,0.544398970577834,False,0.692032,0.005015,-0.001635,0.011664,20,0.3529618904550479,0.13095661930392843,False,0.755170,0.002098,0.000513,0.003684,20,0.6193563619087801,0.012198127924922525,True,1.0,0.8937893546800261,False,False,1.0,0.3064942153921729,False,False,1.0,0.02164183986679803,False,True
utility_zeta_coop,zeta_c,utility_terms,Eq. 45,0.400000,+50%,0.600000,False,incentive_utility,0.726834,0.000472,-0.005352,0.006297,20,0.03794629618218442,0.8670391168534425,False,0.692032,0.006244,-0.001277,0.013765,20,0.3885362304070214,0.09846641288806708,False,0.755170,0.004294,0.002855,0.005732,20,1.3971389216347117,5.322637994362166e-06,True,1.0,1.0,False,False,1.0,0.2518908236671483,False,False,0.0007611372331937897,1.5012568702047136e-05,True,True
utility_zeta_efficiency,zeta_e,utility_terms,Eq. 45,0.300000,-50%,0.150000,False,incentive_utility,0.726834,-0.001084,-0.006082,0.003913,20,-0.10154155018773851,0.654896113039992,False,0.692032,0.002448,-0.004187,0.009083,20,0.17264623160216766,0.4495544466997808,False,0.755170,-0.001990,-0.003532,-0.000449,20,-0.6042220470175891,0.014123216255522278,True,1.0,1.0,False,False,1.0,0.7503594019222258,False,False,1.0,0.024659583938213502,False,True
utility_zeta_efficiency,zeta_e,utility_terms,Eq. 45,0.300000,-25%,0.225000,False,incentive_utility,0.726834,-0.002525,-0.007184,0.002133,20,-0.2537363537472793,0.2705963318255088,False,0.692032,-0.000735,-0.005873,0.004404,20,-0.0669020961121795,0.7680391799008464,False,0.755170,-0.001761,-0.002952,-0.000569,20,-0.6916737059771509,0.0059843476930443425,True,1.0,0.653424983722907,False,False,1.0,0.9828960492537293,False,False,0.6044191169974786,0.010971304103914626,False,True
utility_zeta_efficiency,zeta_e,utility_terms,Eq. 45,0.300000,+25%,0.375000,False,incentive_utility,0.726834,0.000470,-0.004120,0.005060,20,0.04791991206010852,0.8325929089557154,False,0.692032,-0.000759,-0.005820,0.004302,20,-0.07018046374878675,0.7570497881237841,False,0.755170,0.000059,-0.001240,0.001358,20,0.021258435409290174,0.9252542567275741,False,1.0,1.0,False,False,1.0,0.9828960492537293,False,False,1.0,1.0,False,False
utility_zeta_efficiency,zeta_e,utility_terms,Eq. 45,0.300000,+50%,0.450000,False,incentive_utility,0.726834,-0.001518,-0.006392,0.003357,20,-0.14569972268845843,0.5224705835422254,False,0.692032,-0.001818,-0.008518,0.004881,20,-0.12703981991627847,0.5765938069298967,False,0.755170,0.000656,-0.000794,0.002107,20,0.21172079105186273,0.3556057371007651,False,1.0,0.8910351037154232,False,False,1.0,0.8629295069699134,False,False,1.0,0.4712847118202911,False,False
utility_zeta_trust,zeta_T,utility_terms,Eq. 45,0.300000,-50%,0.150000,False,incentive_utility,0.726834,0.001905,-0.003010,0.006821,20,0.18141929576877774,0.4272226051136653,False,0.692032,0.006697,0.000552,0.012842,20,0.510071138510524,0.03425143325204637,True,0.755170,0.004693,0.003308,0.006077,20,1.5864779444093662,9.501527011920004e-07,True,1.0,0.8291287696245518,False,False,1.0,0.10920746833985798,False,False,0.00013967244707522406,2.8247783008410826e-06,True,True
utility_zeta_trust,zeta_T,utility_terms,Eq. 45,0.300000,-25%,0.225000,False,incentive_utility,0.726834,0.002076,-0.002094,0.006247,20,0.23302086363088398,0.3104441222670066,False,0.692032,0.005592,0.000286,0.010898,20,0.49319779104940525,0.03992369638786431,True,0.755170,0.002958,0.001896,0.004020,20,1.3031757881697295,1.2960525117612553e-05,True,1.0,0.7114344468618902,False,False,1.0,0.12031798911411164,False,False,0.00182743404158337,3.5641444073434525e-05,True,True
utility_zeta_trust,zeta_T,utility_terms,Eq. 45,0.300000,+25%,0.375000,False,incentive_utility,0.726834,0.002253,-0.001419,0.005926,20,0.2871330036321955,0.21454595394101997,False,0.692032,0.001482,-0.004577,0.007541,20,0.11448531566389682,0.6145550753512851,False,0.755170,-0.003220,-0.004574,-0.001866,20,-1.1133303384594468,8.332458062414434e-05,True,1.0,0.5597215759995624,False,False,1.0,0.9027743985742719,False,False,0.010998844642387052,0.00020557034196801909,True,True
utility_zeta_trust,zeta_T,utility_terms,Eq. 45,0.300000,+50%,0.450000,False,incentive_utility,0.726834,0.001813,-0.002970,0.006595,20,0.17739568705757844,0.43737693778628645,False,0.692032,-0.000317,-0.004866,0.004231,20,-0.0326447346931358,0.8854657231621588,False,0.755170,-0.005018,-0.006275,-0.003760,20,-1.8671434182762403,8.819552358106364e-08,True,1.0,0.8367210983737654,False,False,1.0,1.0,False,False,1.3493915107902737e-05,2.853384586446177e-07,True,True
nitti_empty_kij_fallback,O_ind^0,external_baseline,Nitti Eq. 6,0.500000,-50%,0.250000,False,,0.726834,0.000000,0.000000,0.000000,20,0.0,1.0,False,0.692032,0.000000,0.000000,0.000000,20,0.0,1.0,False,0.755170,0.000000,0.000000,0.000000,20,0.0,1.0,False,1.0,1.0,False,False,1.0,1.0,False,False,1.0,1.0,False,False
nitti_empty_kij_fallback,O_ind^0,external_baseline,Nitti Eq. 6,0.500000,-25%,0.375000,False,,0.726834,0.000000,0.000000,0.000000,20,0.0,1.0,False,0.692032,0.000000,0.000000,0.000000,20,0.0,1.0,False,0.755170,0.000000,0.000000,0.000000,20,0.0,1.0,False,1.0,1.0,False,False,1.0,1.0,False,False,1.0,1.0,False,False
nitti_empty_kij_fallback,O_ind^0,external_baseline,Nitti Eq. 6,0.500000,+25%,0.625000,False,,0.726834,0.000000,0.000000,0.000000,20,0.0,1.0,False,0.692032,0.000000,0.000000,0.000000,20,0.0,1.0,False,0.755170,0.000000,0.000000,0.000000,20,0.0,1.0,False,1.0,1.0,False,False,1.0,1.0,False,False,1.0,1.0,False,False
nitti_empty_kij_fallback,O_ind^0,external_baseline,Nitti Eq. 6,0.500000,+50%,0.750000,False,,0.726834,0.000000,0.000000,0.000000,20,0.0,1.0,False,0.692032,0.000000,0.000000,0.000000,20,0.0,1.0,False,0.755170,0.000000,0.000000,0.000000,20,0.0,1.0,False,1.0,1.0,False,False,1.0,1.0,False,False,1.0,1.0,False,False
