attack,fraction,metric,mean_fixed,mean_adaptive,n,mean_diff,ci_low,ci_high,t,p,d_z,p_holm,pct_change
bad_mouthing,0.2,decision_distortion,0.09532484000000001,0.08486075999999997,50,0.01046408,0.008302548891788709,0.012625611108211292,9.728454042348112,4.980419117881567e-13,1.3758111647612061,2.4902095589407835e-12,10.977285668667308
bad_mouthing,0.2,decision_distortion_evidenced,0.08852685999999999,0.06918946,50,0.019337399999999998,0.0156792481879069,0.022995551812093094,10.622839670568046,2.6073504318416964e-14,1.5022963933032274,,21.843539915456162
bad_mouthing,0.2,decision_distortion_counterfactual,0.08461396,0.09566988000000003,50,-0.011055919999999999,-0.013123777704771532,-0.008988062295228465,-10.744309438901462,1.760011650671731e-14,-1.5194748126827706,,-13.066307261827745
bad_mouthing,0.2,cooperation_rate,0.71971596,0.72310244,50,-0.003386479999999996,-0.006757615023995656,-1.5344976004336413e-05,-2.0187225669078335,0.04900596987480286,-0.2854904832789686,,-0.4705300685564857
bad_mouthing,0.2,task_completion_ratio,0.6712361600000001,0.6753102,50,-0.004074040000000008,-0.008017166118034696,-0.00013091388196532008,-2.07629420261977,0.043133885071176124,-0.293632342082151,,-0.6069458474942544
bad_mouthing,0.2,reputation_separation,-0.1779782,-0.18409563999999995,50,0.0061174399999999966,-0.03261602534164213,0.04485090534164212,0.31738590467420075,0.7522993105048607,0.0448851450896309,,-3.437185003556585
bad_mouthing,0.3,decision_distortion,0.10847926000000001,0.09553606,50,0.012943199999999998,0.010554139259919047,0.01533226074008095,10.887263673476053,1.1109097549567331e-14,1.5396915944161758,6.6654585297404e-14,11.931497320317266
bad_mouthing,0.3,decision_distortion_evidenced,0.09787335999999998,0.073147,50,0.02472636,0.020818198328779944,0.028634521671220055,12.714284858341284,3.90811497187941e-17,1.7980714082541132,,25.26362638413556
bad_mouthing,0.3,decision_distortion_counterfactual,0.09760542000000001,0.10660342,50,-0.008998,-0.011370434702535043,-0.006625565297464959,-7.621772672759922,7.266806724528223e-10,-1.0778814283141716,,-9.218750352183303
bad_mouthing,0.3,cooperation_rate,0.7173116199999998,0.71957222,50,-0.0022605999999999993,-0.005895146331409056,0.0013739463314090573,-1.2499072420114579,0.21727033635744547,-0.17676357733609543,,-0.3151489446107354
bad_mouthing,0.3,task_completion_ratio,0.6656568600000001,0.6681447199999999,50,-0.0024878600000000062,-0.0074435605934707605,0.0024678405934707485,-1.008846631297978,0.3180042146524135,-0.14267245883360097,,-0.37374511546381206
bad_mouthing,0.3,reputation_separation,-0.28289384,-0.2530427,50,-0.029851139999999988,-0.06073384678448751,0.0010315667844875316,-1.942449933637627,0.057841337336205,-0.27470390403810513,,10.552064336218844
bad_mouthing,0.4,decision_distortion,0.12092194,0.1085866,50,0.012335340000000002,0.00953421299160033,0.015136467008399674,8.849578662886845,9.89041293990549e-12,1.2515194166342134,3.956165175962196e-11,10.201076826918259
bad_mouthing,0.4,decision_distortion_evidenced,0.10767468,0.08124512,50,0.026429559999999998,0.02139270742876591,0.03146641257123409,10.544717867572672,3.360451691441525e-14,1.4912483019719174,,24.5457520746753
bad_mouthing,0.4,decision_distortion_counterfactual,0.1094975,0.11987142,50,-0.010373919999999998,-0.012918247185868191,-0.007829592814131805,-8.193589590108527,9.679068217100752e-11,-1.158748552285049,,-9.474115847393785
bad_mouthing,0.4,cooperation_rate,0.71534014,0.71951714,50,-0.004176999999999999,-0.0073088049756343,-0.0010451950243656983,-2.680242170503848,0.009992462775957193,-0.37904348279708433,,-0.5839180225507807
bad_mouthing,0.4,task_completion_ratio,0.66616642,0.66852646,50,-0.0023600399999999942,-0.006396348710164194,0.0016762687101642064,-1.1750037678464744,0.2456715630297736,-0.16617062643279715,,-0.35427183495679765
bad_mouthing,0.4,reputation_separation,-0.3300995,-0.31009102,50,-0.020008479999999995,-0.043172423508067354,0.0031554635080673597,-1.7358247280560029,0.08887997381626163,-0.24548268723193886,,6.0613481692641145
ballot_stuffing,0.2,decision_distortion,0.0832538,0.07265058,50,0.010603220000000002,0.008944586152458382,0.012261853847541622,12.846698128954479,2.6386419208863616e-17,1.8167974725680491,2.9025061129749975e-16,12.736019256778667
ballot_stuffing,0.2,decision_distortion_evidenced,0.08314551999999999,0.06482046,50,0.018325059999999994,0.015319237722891656,0.021330882277108332,12.251418547052117,1.570141142580755e-16,1.7326122267550381,,22.039744294100263
ballot_stuffing,0.2,decision_distortion_counterfactual,0.0738641,0.08260043999999998,50,-0.008736339999999999,-0.01046164514502002,-0.007011034854979977,-10.17578402163631,1.1252758585400957e-13,-1.4390731771177507,,-11.827586066844354
ballot_stuffing,0.2,cooperation_rate,0.7285254400000001,0.7308351199999998,50,-0.0023096799999999984,-0.005559444564619784,0.0009400845646197874,-1.4282498443808649,0.15956326878404978,-0.20198503003806814,,-0.3170349137018137
ballot_stuffing,0.2,task_completion_ratio,0.6984352199999999,0.7001321,50,-0.0016968799999999985,-0.0056795605869737935,0.002285800586973796,-0.856209267580488,0.3960498649830548,-0.12108627584418603,,-0.24295452912585408
ballot_stuffing,0.2,reputation_separation,-0.23000584,-0.19805424,50,-0.0319516,-0.07670886047071526,0.012805660470715276,-1.4346084517096551,0.1577506332528802,-0.20288427291028618,,13.891647272956199
ballot_stuffing,0.3,decision_distortion,0.08131828,0.07419488,50,0.007123400000000001,0.004919259301997596,0.009327540698002406,6.494598215594858,4.0263054713949604e-08,0.918474887865835,4.0263054713949604e-08,8.75989998804697
ballot_stuffing,0.3,decision_distortion_evidenced,0.07956742,0.06465276000000002,50,0.01491466,0.010839395171288665,0.018989924828711334,7.354646302993677,1.8757616222235007e-09,1.0401040548150802,,18.744682182732557
ballot_stuffing,0.3,decision_distortion_counterfactual,0.0730551,0.08344123999999999,50,-0.010386139999999999,-0.012605411560253733,-0.008166868439746264,-9.40476601744545,1.4826415133229311e-12,-1.3300347652816957,,-14.216858234401142
ballot_stuffing,0.3,cooperation_rate,0.7281624799999998,0.73087844,50,-0.0027159600000000172,-0.005360134433727385,-7.178556627264986e-05,-2.0641323399151785,0.04432061179669665,-0.2919123949640957,,-0.3729881825276392
ballot_stuffing,0.3,task_completion_ratio,0.7032075799999999,0.7063352200000002,50,-0.003127640000000005,-0.006608007820126581,0.0003527278201265714,-1.8059090933745958,0.07707697106437139,-0.2553941132263253,,-0.4447676744326632
ballot_stuffing,0.3,reputation_separation,-0.29198656,-0.3100853,50,0.01809874,-0.01571129987682487,0.051908779876824865,1.0757390366809603,0.2873123208885608,0.15213247352483825,,-6.198483930219255
ballot_stuffing,0.4,decision_distortion,0.08279096000000001,0.07454668,50,0.00824428,0.006224852708634649,0.01026370729136535,8.204059144292552,9.330337426985457e-11,1.1602291708369536,2.799101228095637e-10,9.95794709953841
ballot_stuffing,0.4,decision_distortion_evidenced,0.08250739999999998,0.06667038,50,0.01583702,0.011552325318188332,0.02012171468181167,7.427759872137229,1.4464909389137072e-09,1.0504438749227116,,19.19466617539758
ballot_stuffing,0.4,decision_distortion_counterfactual,0.07572846,0.08264305999999999,50,-0.006914600000000002,-0.009021613813048295,-0.004807586186951708,-6.594835234872451,2.8158543848938024e-08,-0.9326505430772577,,-9.130781214882745
ballot_stuffing,0.4,cooperation_rate,0.7342487999999999,0.73416134,50,8.746000000000143e-05,-0.0028172866009594038,0.0029922066009594067,0.060506981979521174,0.9519979721285687,0.008556979453370332,,0.011911493760688225
ballot_stuffing,0.4,task_completion_ratio,0.71586216,0.7150169000000001,50,0.0008452599999999966,-0.002547298769050203,0.004237818769050196,0.5006880294696878,0.6188323449511464,0.07080798017938923,,0.11807580386704038
ballot_stuffing,0.4,reputation_separation,-0.42437564,-0.40217486,50,-0.02220078,-0.046974214069226874,0.0025726540692268783,-1.800886288444482,0.07787671364847096,-0.2546837813409932,,5.231398296094463
collusion,0.2,decision_distortion,0.08368462000000002,0.07127554000000001,50,0.012409080000000001,0.010376805610526417,0.014441354389473585,12.270478835298952,1.4819438515469624e-16,1.7353077585691798,1.4819438515469624e-15,14.828387820844501
collusion,0.2,decision_distortion_evidenced,0.08376602,0.06445428,50,0.019311739999999997,0.016374713424216977,0.022248766575783018,13.213497899497812,8.992739911517892e-18,1.8686707935858209,,23.05438410467633
collusion,0.2,decision_distortion_counterfactual,0.07205439999999999,0.08296921999999998,50,-0.010914819999999999,-0.012875548511709526,-0.008954091488290471,-11.186735878389873,4.272712277026103e-15,-1.582043359790466,,-15.148027046231727
collusion,0.2,cooperation_rate,0.6921751400000001,0.69279522,50,-0.0006200800000000006,-0.004767208431116832,0.0035270484311168307,-0.30047234700747455,0.7650880682497528,-0.042493206825604535,,-0.08958426331230442
collusion,0.2,task_completion_ratio,0.6572519600000001,0.65797884,50,-0.0007268799999999987,-0.005801084445806223,0.004347324445806227,-0.2878717371295057,0.7746590268638599,-0.040711211487244936,,-0.11059381245510082
collusion,0.2,reputation_separation,0.20680954,0.19469224000000002,50,0.012117300000000003,-0.002965422901012548,0.027200022901012554,1.6144714837419314,0.11284719043739468,0.2283207468372453,,5.859159108424095
collusion,0.3,decision_distortion,0.08447652000000001,0.07210756,50,0.012368960000000002,0.010160025106876209,0.014577894893123795,11.252642983013025,3.467733147391333e-15,1.5913640319119464,3.1209598326521996e-14,14.64189102486704
collusion,0.3,decision_distortion_evidenced,0.0853748,0.06661546,50,0.01875934,0.015579747660764911,0.02193893233923509,11.856332858682464,5.259487816182573e-16,1.6767386728758509,,21.97292409469773
collusion,0.3,decision_distortion_counterfactual,0.07208925999999999,0.08566138000000001,50,-0.013572119999999998,-0.01585777948550741,-0.011286460514492587,-11.93274695565235,4.1564158077342206e-16,-1.6875452581049817,,-18.826826631317928
collusion,0.3,cooperation_rate,0.67260264,0.6765638800000001,50,-0.003961239999999993,-0.008948249288745838,0.001025769288745853,-1.5962291929734362,0.11686770534565581,-0.22574089733588942,,-0.5889420832484523
collusion,0.3,task_completion_ratio,0.6379121400000001,0.64249716,50,-0.0045850199999999995,-0.009873845393456511,0.0007038053934565122,-1.742152929673583,0.08775589315846118,-0.24637763008724017,,-0.7187541531973257
collusion,0.3,reputation_separation,0.21111556000000004,0.2177442,50,-0.006628640000000002,-0.02169517119225564,0.008437891192255636,-0.8841285780957581,0.38094450262707097,-0.12503466260246612,,-3.139815937773588
collusion,0.4,decision_distortion,0.08322856,0.07223802000000001,50,0.01099054,0.00815409448370532,0.01382698551629468,7.786617757964307,4.0551059285812653e-10,1.1011940438328305,8.110211857162531e-10,13.205250697597052
collusion,0.4,decision_distortion_evidenced,0.08282564,0.06837076,50,0.014454880000000003,0.010235522615394566,0.01867423738460544,6.884500708486693,1.0015927591410545e-08,0.9736154272109063,,17.45218026688354
collusion,0.4,decision_distortion_counterfactual,0.07002140000000001,0.08675898,50,-0.016737580000000002,-0.019430537806747278,-0.014044622193252724,-12.490142330932612,7.637443234835538e-17,-1.7663728680375204,,-23.903520923603335
collusion,0.4,cooperation_rate,0.6489440000000001,0.6473424,50,0.0016015999999999919,-0.0027271078987472514,0.005930307898747236,0.7435326603390444,0.46070971216122786,0.10515139723188244,,0.24680095663109478
collusion,0.4,task_completion_ratio,0.61414384,0.6134623600000001,50,0.0006814799999999987,-0.003747759988163939,0.005110719988163937,0.3091919463064649,0.7584864637600828,0.043726344384313644,,0.11096423274389614
collusion,0.4,reputation_separation,0.24179662000000002,0.23665126,50,0.00514536,-0.010372310533317993,0.020663030533317993,0.6663363563438413,0.5083214144602699,0.09423419122437318,,2.127970192470025
none,0.0,decision_distortion,0.08308027999999998,0.07282666,50,0.010253620000000001,0.008921237144998189,0.011586002855001814,15.465090056945451,1.7450789583239994e-20,2.1870940101853558,2.268602645821199e-19,12.341821669354003
none,0.0,decision_distortion_evidenced,0.08227104,0.06542016,50,0.01685088,0.014709484316537416,0.01899227568346258,15.813570295929873,7.00217732973376e-21,2.236376558204434,,20.482152650556014
none,0.0,decision_distortion_counterfactual,0.07314488,0.08358943999999999,50,-0.01044456,-0.011798787822374939,-0.009090332177625062,-15.498964643852524,1.5958890902368873e-20,-2.191884600207733,,-14.279276963746462
none,0.0,cooperation_rate,0.72523024,0.7291026199999999,50,-0.00387238,-0.007007522865594355,-0.000737237134405645,-2.48213216761312,0.01653554040156183,-0.3510264975041002,,-0.5339518109448798
none,0.0,task_completion_ratio,0.69093952,0.69325458,50,-0.0023150600000000064,-0.006089008213244387,0.0014588882132443746,-1.2327374371862299,0.22355561654155423,-0.17433540025138175,,-0.33505971694887626
none,0.0,reputation_separation,,,0,,,,,,,,
selective,0.2,decision_distortion,0.08460070000000001,0.07191004000000001,50,0.012690659999999998,0.01042082671922412,0.014960493280775875,11.235554740879088,3.660395592136679e-15,1.5889473895336534,3.1209598326521996e-14,15.000656022940714
selective,0.2,decision_distortion_evidenced,0.08470768,0.06612714,50,0.01858054,0.015188622546378617,0.02197245745362138,11.008225756385762,7.541623197711347e-15,1.5567982162345566,,21.934894215022762
selective,0.2,decision_distortion_counterfactual,0.07278852000000001,0.08444214,50,-0.01165362,-0.013881212749149049,-0.009426027250850951,-10.513064465603122,3.725135824633295e-14,-1.486771834935859,,-16.01024447261737
selective,0.2,cooperation_rate,0.6916367999999999,0.6911394399999997,50,0.0004973599999999934,-0.0038603706717755207,0.004855090671775508,0.22935844714133194,0.8195450171346795,0.03243618265921042,,0.07191057503016386
selective,0.2,task_completion_ratio,0.65691716,0.6561609199999999,50,0.0007562400000000058,-0.004481769652466985,0.005994249652466997,0.29013332890879096,0.7729385552798039,0.04103104886392662,,0.11511953805561642
selective,0.2,reputation_separation,0.22403183999999998,0.21218952000000005,50,0.011842320000000002,-0.002010693840282976,0.02569533384028298,1.717895708221873,0.0921297974712876,0.24294714093099062,,5.285998633051416
selective,0.3,decision_distortion,0.08572373999999999,0.07128524,50,0.0144385,0.012408394601155202,0.016468605398844798,14.29248554178577,4.1790804172001807e-19,2.021262689321481,5.0148965006402164e-18,16.843058877272497
selective,0.3,decision_distortion_evidenced,0.08597956,0.06551813999999999,50,0.02046142,0.0176509441389763,0.0232718958610237,14.6305341094528,1.6452115807359086e-19,2.069069976235032,,23.798005014215015
selective,0.3,decision_distortion_counterfactual,0.07263532,0.08448715999999999,50,-0.01185184,-0.013957933730340311,-0.00974574626965969,-11.308691458176146,2.9049532923823436e-15,-1.5992904832845478,,-16.31691028551948
selective,0.3,cooperation_rate,0.67175994,0.6679066,50,0.003853340000000003,-0.00041911750294003954,0.008125797502940044,1.8124408818369606,0.07604729441700338,0.2563178476093282,,0.5736186054798145
selective,0.3,task_completion_ratio,0.63768932,0.63229788,50,0.0053914400000000025,0.0011152848791506223,0.009667595120849384,2.5337023588414618,0.01453501889130786,0.3583196238890297,,0.8454649985356545
selective,0.3,reputation_separation,0.24747993999999998,0.2371143,50,0.010365639999999999,-0.0014795481459768736,0.02221082814597687,1.7585650142730114,0.08489558839874663,0.24869864934997282,,4.188476851901605
selective,0.4,decision_distortion,0.08329471999999999,0.07087316,50,0.012421559999999998,0.01019514926422765,0.014647970735772346,11.211794383418507,3.946445586167463e-15,1.5855871675568947,3.1209598326521996e-14,14.912781986661324
selective,0.4,decision_distortion_evidenced,0.08336828000000002,0.06589422,50,0.01747406,0.014581239692710564,0.020366880307289437,12.138824585690774,2.2113966106461635e-16,1.7166890360351859,,20.960082179937032
selective,0.4,decision_distortion_counterfactual,0.06986699999999998,0.08486574,50,-0.01499874,-0.017571446080198797,-0.012426033919801205,-11.715717051444438,8.126636272887747e-16,-1.6568525947078452,,-21.467559792176583
selective,0.4,cooperation_rate,0.6431586,0.64007784,50,0.0030807600000000044,-0.0013362031705411387,0.007497723170541148,1.401646056011781,0.16732370744970415,0.19822268620586195,,0.4790047120570285
selective,0.4,task_completion_ratio,0.60826134,0.60580668,50,0.0024546600000000087,-0.002440062115924131,0.0073493821159241485,1.0077842694120627,0.3185089027214346,0.14252221817488006,,0.40355351204795326
selective,0.4,reputation_separation,0.256203,0.25660972,50,-0.00040672000000000207,-0.012545889970322263,0.011732449970322257,-0.06733033991973261,0.9465927134634696,-0.009521947987367647,,-0.1587491169111882
