node_count,run_id,seed,steps,load_level,baseline_name,initialization_wall_seconds,simulation_wall_seconds,simulation_cpu_seconds,wall_ms_per_step,cpu_ms_per_step,peak_rss_mib,initial_mean_degree,final_mean_degree,generated_tasks_per_step,attempted_interactions_per_step,cooperation_rate,task_completion_ratio,final_active_nodes,python_version,platform
25,0,7000,500,high,proposed,0.00037879199953749776,0.8644991249893792,0.863607,1.7289982499787584,1.727214,143.71875,4.0,3.76,7.02,5.964,0.6613011401743796,0.5618233618233618,24,3.13.13,macOS-26.6.1-arm64-arm-64bit-Mach-O
25,1,7001,500,high,proposed,0.0003864169993903488,0.8821353749954142,0.8814,1.7642707499908283,1.7628,144.90625,4.0,4.32,6.998,6.136,0.6828552803129074,0.5987424978565304,22,3.13.13,macOS-26.6.1-arm64-arm-64bit-Mach-O
25,2,7002,500,high,proposed,0.0004004579968750477,0.8663906250003492,0.8656079999999999,1.7327812500006985,1.7312159999999999,144.25,4.0,3.76,7.022,6.072,0.6739130434782609,0.5827399601253204,23,3.13.13,macOS-26.6.1-arm64-arm-64bit-Mach-O
25,3,7003,500,high,proposed,0.00036937498953193426,0.8733786250086268,0.8725959999999999,1.7467572500172537,1.7451919999999999,144.890625,4.0,3.2,6.904,5.878,0.642395372575706,0.5469293163383546,24,3.13.13,macOS-26.6.1-arm64-arm-64bit-Mach-O
25,4,7004,500,high,proposed,0.0003911660023732111,0.8658099580061389,0.865082,1.7316199160122778,1.730164,145.765625,4.0,3.84,7.038,6.072,0.6745718050065876,0.5819835180448991,25,3.13.13,macOS-26.6.1-arm64-arm-64bit-Mach-O
25,5,7005,500,high,proposed,0.00038820900954306126,0.8985196249996079,0.8867109999999999,1.7970392499992158,1.7734219999999998,145.15625,4.0,3.2,7.066,6.036,0.6630218687872763,0.5663741862439853,22,3.13.13,macOS-26.6.1-arm64-arm-64bit-Mach-O
25,6,7006,500,high,proposed,0.00039400000241585076,0.8901495419995626,0.882414,1.7802990839991253,1.764828,145.203125,4.0,4.08,7.01,5.912,0.6742219215155616,0.5686162624821683,23,3.13.13,macOS-26.6.1-arm64-arm-64bit-Mach-O
25,7,7007,500,high,proposed,0.00039516699325758964,0.8767987079918385,0.876028,1.753597415983677,1.752056,144.703125,4.0,3.68,7.078,5.856,0.6734972677595629,0.5572195535461995,24,3.13.13,macOS-26.6.1-arm64-arm-64bit-Mach-O
25,8,7008,500,high,proposed,0.0004138329968554899,0.8822862090019044,0.880303,1.7645724180038087,1.760606,145.84375,4.0,3.76,6.946,6.042,0.6673286991062563,0.5804779729340628,24,3.13.13,macOS-26.6.1-arm64-arm-64bit-Mach-O
25,9,7009,500,high,proposed,0.0003880000003846362,0.8679684160015313,0.866377,1.7359368320030626,1.732754,145.453125,4.0,4.0,7.012,5.92,0.6594594594594595,0.5567598402738163,23,3.13.13,macOS-26.6.1-arm64-arm-64bit-Mach-O
25,10,7010,500,high,proposed,0.0003890840016538277,0.8877000409993343,0.8859810000000001,1.7754000819986686,1.7719620000000003,145.484375,4.0,3.36,7.062,6.04,0.6612582781456954,0.5655621636930048,23,3.13.13,macOS-26.6.1-arm64-arm-64bit-Mach-O
25,11,7011,500,high,proposed,0.00039429200114682317,0.8753990000113845,0.874784,1.750798000022769,1.749568,144.484375,4.0,4.32,6.994,5.954,0.6852536110178031,0.5833571632828138,21,3.13.13,macOS-26.6.1-arm64-arm-64bit-Mach-O
25,12,7012,500,high,proposed,0.0003954590065404773,0.8857963750051567,0.8832160000000001,1.7715927500103135,1.7664320000000002,145.25,4.0,3.52,7.0,5.932,0.6702629804450438,0.568,21,3.13.13,macOS-26.6.1-arm64-arm-64bit-Mach-O
25,13,7013,500,high,proposed,0.00039670900150667876,0.9225501250039088,0.904234,1.8451002500078175,1.808468,144.921875,4.0,3.84,6.988,5.968,0.6595174262734584,0.5632512879221523,24,3.13.13,macOS-26.6.1-arm64-arm-64bit-Mach-O
25,14,7014,500,high,proposed,0.00038825000228825957,0.8994750830024714,0.8985549999999999,1.7989501660049427,1.7971099999999998,145.234375,4.0,4.16,6.99,6.038,0.6608148393507784,0.5708154506437768,24,3.13.13,macOS-26.6.1-arm64-arm-64bit-Mach-O
25,15,7015,500,high,proposed,0.00037916700239293277,0.9105254169990076,0.909779,1.8210508339980152,1.819558,144.390625,4.0,3.68,6.984,6.024,0.6723107569721115,0.5798969072164949,23,3.13.13,macOS-26.6.1-arm64-arm-64bit-Mach-O
25,16,7016,500,high,proposed,0.0003725419956026599,0.879612000004272,0.8774959999999999,1.759224000008544,1.7549919999999999,145.203125,4.0,3.12,7.032,6.114,0.6424599280340203,0.558589306029579,24,3.13.13,macOS-26.6.1-arm64-arm-64bit-Mach-O
25,17,7017,500,high,proposed,0.0004301250010030344,0.8753730409953278,0.87472,1.7507460819906555,1.74944,144.859375,4.0,3.44,6.964,5.958,0.6710305471634777,0.574095347501436,24,3.13.13,macOS-26.6.1-arm64-arm-64bit-Mach-O
25,18,7018,500,high,proposed,0.00038675000541843474,0.8888776659878204,0.8881440000000002,1.7777553319756407,1.7762880000000003,145.515625,4.0,3.52,6.966,6.052,0.663251817580965,0.5762273901808785,21,3.13.13,macOS-26.6.1-arm64-arm-64bit-Mach-O
25,19,7019,500,high,proposed,0.0003869579959427938,0.8720057079917751,0.870963,1.7440114159835503,1.741926,145.1875,4.0,3.76,7.024,6.036,0.6643472498343274,0.5708997722095672,24,3.13.13,macOS-26.6.1-arm64-arm-64bit-Mach-O
50,0,7000,500,high,proposed,0.000537832995178178,1.2806681669899262,1.278734,2.5613363339798525,2.5574679999999996,144.28125,4.0,4.28,7.04,6.56,0.7414634146341463,0.6909090909090909,50,3.13.13,macOS-26.6.1-arm64-arm-64bit-Mach-O
50,1,7001,500,high,proposed,0.0005415000050561503,1.2609212910028873,1.2593899999999998,2.5218425820057746,2.5187799999999996,144.359375,4.0,4.44,7.058,6.664,0.7421968787515006,0.7007650892604137,50,3.13.13,macOS-26.6.1-arm64-arm-64bit-Mach-O
50,2,7002,500,high,proposed,0.0005173329991521314,1.2621730419923551,1.261311,2.5243460839847103,2.522622,144.59375,4.0,4.56,6.946,6.574,0.7325829023425616,0.6933486898934639,50,3.13.13,macOS-26.6.1-arm64-arm-64bit-Mach-O
50,3,7003,500,high,proposed,0.0005425839917734265,1.3125898339931155,1.311243,2.625179667986231,2.622486,145.078125,4.0,4.64,7.0,6.67,0.7262368815592204,0.692,50,3.13.13,macOS-26.6.1-arm64-arm-64bit-Mach-O
50,4,7004,500,high,proposed,0.0005246670043561608,1.3031573339976603,1.3020489999999998,2.6063146679953206,2.6040979999999996,145.546875,4.0,4.44,7.044,6.798,0.7322741982936157,0.7067007382169223,50,3.13.13,macOS-26.6.1-arm64-arm-64bit-Mach-O
50,5,7005,500,high,proposed,0.0005323750083334744,1.3100811249896651,1.308705,2.6201622499793302,2.61741,145.546875,4.0,4.04,6.988,6.638,0.7252184392889425,0.6888952489982828,50,3.13.13,macOS-26.6.1-arm64-arm-64bit-Mach-O
50,6,7006,500,high,proposed,0.0005382919916883111,1.336794208997162,1.335871,2.673588417994324,2.671742,144.828125,4.0,4.44,6.988,6.55,0.7163358778625954,0.6714367487120778,50,3.13.13,macOS-26.6.1-arm64-arm-64bit-Mach-O
50,7,7007,500,high,proposed,0.0005388749996200204,1.2923974169971189,1.291067,2.5847948339942377,2.582134,145.25,4.0,5.0,6.956,6.608,0.7185230024213075,0.682576193214491,50,3.13.13,macOS-26.6.1-arm64-arm-64bit-Mach-O
50,8,7008,500,high,proposed,0.0005179580039111897,1.298231416993076,1.2973590000000002,2.596462833986152,2.5947180000000003,145.9375,4.0,4.6,7.012,6.7,0.7170149253731344,0.6851112378779236,50,3.13.13,macOS-26.6.1-arm64-arm-64bit-Mach-O
50,9,7009,500,high,proposed,0.0005374169995775446,1.2893851250119042,1.288305,2.5787702500238083,2.57661,145.09375,4.0,5.0,6.942,6.668,0.7279544091181763,0.6992221261884183,50,3.13.13,macOS-26.6.1-arm64-arm-64bit-Mach-O
50,10,7010,500,high,proposed,0.0005323340010363609,1.314981000003172,1.311668,2.629962000006344,2.623336,144.75,4.0,4.6,7.004,6.754,0.721942552561445,0.6961736150770989,50,3.13.13,macOS-26.6.1-arm64-arm-64bit-Mach-O
50,11,7011,500,high,proposed,0.0005199589941184968,1.3206367090024287,1.318566,2.6412734180048574,2.637132,145.65625,4.0,4.6,7.014,6.654,0.7234746017433122,0.6863416025092672,50,3.13.13,macOS-26.6.1-arm64-arm-64bit-Mach-O
50,12,7012,500,high,proposed,0.000545292001334019,1.2841931660077535,1.282635,2.568386332015507,2.56527,145.1875,4.0,4.32,6.988,6.624,0.7466787439613527,0.707784773898111,50,3.13.13,macOS-26.6.1-arm64-arm-64bit-Mach-O
50,13,7013,500,high,proposed,0.0005546669999603182,1.3282341250014724,1.326632,2.656468250002945,2.653264,144.453125,4.0,4.56,7.014,6.694,0.7245294293397072,0.6914741944682065,50,3.13.13,macOS-26.6.1-arm64-arm-64bit-Mach-O
50,14,7014,500,high,proposed,0.0005760829953942448,1.3401394999964396,1.338887,2.680278999992879,2.677774,146.234375,4.0,4.52,6.988,6.696,0.7246117084826762,0.6943331425300515,50,3.13.13,macOS-26.6.1-arm64-arm-64bit-Mach-O
50,15,7015,500,high,proposed,0.0005975410022074357,1.3059130830079084,1.304141,2.611826166015817,2.608282,145.015625,4.0,4.32,7.026,6.798,0.7375698734922036,0.7136350697409621,50,3.13.13,macOS-26.6.1-arm64-arm-64bit-Mach-O
50,16,7016,500,high,proposed,0.0006351659976644441,1.286782166993362,1.2858109999999998,2.573564333986724,2.5716219999999996,145.375,4.0,4.48,6.968,6.722,0.7337102052960428,0.7078071182548794,50,3.13.13,macOS-26.6.1-arm64-arm-64bit-Mach-O
50,17,7017,500,high,proposed,0.000519374996656552,1.3402070840093074,1.330775,2.680414168018615,2.66155,146.09375,4.0,4.44,6.98,6.628,0.716053108026554,0.6799426934097421,50,3.13.13,macOS-26.6.1-arm64-arm-64bit-Mach-O
50,18,7018,500,high,proposed,0.0005349590064724907,1.3047395829926245,1.3025509999999998,2.609479165985249,2.6051019999999996,144.9375,4.0,4.76,6.944,6.52,0.7067484662576687,0.663594470046083,50,3.13.13,macOS-26.6.1-arm64-arm-64bit-Mach-O
50,19,7019,500,high,proposed,0.0005282080092001706,1.3388762499962468,1.330934,2.6777524999924935,2.661868,146.359375,4.0,4.12,6.954,6.642,0.7196627521830774,0.6873741731377624,50,3.13.13,macOS-26.6.1-arm64-arm-64bit-Mach-O
100,0,7000,500,high,proposed,0.0009232919983332977,2.206355665999581,2.1987629999999996,4.412711331999162,4.397525999999999,145.859375,4.0,4.68,6.958,6.92,0.7517341040462427,0.7476286289163553,100,3.13.13,macOS-26.6.1-arm64-arm-64bit-Mach-O
100,1,7001,500,high,proposed,0.0008957090030889958,2.166124833995127,2.1585550000000002,4.332249667990254,4.3171100000000004,146.34375,4.0,4.34,6.936,6.886,0.7295962823119373,0.7243367935409458,100,3.13.13,macOS-26.6.1-arm64-arm-64bit-Mach-O
100,2,7002,500,high,proposed,0.0008751249988563359,2.1657874999946216,2.160334,4.331574999989243,4.320668,146.265625,4.0,4.32,7.036,6.982,0.7401890575766256,0.7345082433200683,100,3.13.13,macOS-26.6.1-arm64-arm-64bit-Mach-O
100,3,7003,500,high,proposed,0.000912333998712711,2.189895957999397,2.1832460000000005,4.379791915998794,4.366492000000001,144.96875,4.0,4.72,6.952,6.904,0.7427578215527231,0.7376294591484465,100,3.13.13,macOS-26.6.1-arm64-arm-64bit-Mach-O
100,4,7004,500,high,proposed,0.0008922919951146469,2.1772465000103693,2.171278,4.354493000020739,4.342556,145.375,4.0,4.28,7.0,6.96,0.7293103448275862,0.7251428571428571,100,3.13.13,macOS-26.6.1-arm64-arm-64bit-Mach-O
100,5,7005,500,high,proposed,0.0008800000068731606,2.193700457995874,2.187981,4.387400915991748,4.375962,146.375,4.0,4.38,7.0,6.968,0.7465556831228473,0.7431428571428571,100,3.13.13,macOS-26.6.1-arm64-arm-64bit-Mach-O
100,6,7006,500,high,proposed,0.000887875008629635,2.250654832998407,2.2404149999999996,4.501309665996814,4.480829999999999,146.0625,4.0,4.28,7.076,7.034,0.7435314188228604,0.7391181458451103,100,3.13.13,macOS-26.6.1-arm64-arm-64bit-Mach-O
100,7,7007,500,high,proposed,0.0009530419920338318,2.1179580000025453,2.114318,4.235916000005091,4.228636,145.515625,4.0,4.48,6.982,6.96,0.7468390804597701,0.7444858206817531,100,3.13.13,macOS-26.6.1-arm64-arm-64bit-Mach-O
100,8,7008,500,high,proposed,0.0009735420026117936,2.1695477920002304,2.1650600000000004,4.339095584000461,4.330120000000001,146.328125,4.0,4.48,6.962,6.896,0.7122969837587007,0.7055443837977593,100,3.13.13,macOS-26.6.1-arm64-arm-64bit-Mach-O
100,9,7009,500,high,proposed,0.0009291250025853515,2.0854069579945644,2.0832439999999997,4.170813915989129,4.166487999999999,145.5625,4.0,4.38,7.0,6.916,0.7426257952573742,0.7337142857142858,100,3.13.13,macOS-26.6.1-arm64-arm-64bit-Mach-O
100,10,7010,500,high,proposed,0.000892416006536223,2.1749540839955444,2.1721690000000002,4.349908167991089,4.3443380000000005,146.328125,4.0,4.62,7.028,6.988,0.7364052661705781,0.7322140011383039,100,3.13.13,macOS-26.6.1-arm64-arm-64bit-Mach-O
100,11,7011,500,high,proposed,0.0009507500071777031,2.1017225830000825,2.099295,4.203445166000165,4.19859,146.515625,4.0,4.7,6.956,6.894,0.738613286916159,0.7320299022426682,100,3.13.13,macOS-26.6.1-arm64-arm-64bit-Mach-O
100,12,7012,500,high,proposed,0.000883707994944416,2.134319874996436,2.1327939999999996,4.268639749992872,4.265587999999999,146.171875,4.0,4.5,6.944,6.912,0.7355324074074074,0.7321428571428571,100,3.13.13,macOS-26.6.1-arm64-arm-64bit-Mach-O
100,13,7013,500,high,proposed,0.0008770830027060583,2.11838883299788,2.1165599999999998,4.23677766599576,4.2331199999999995,145.609375,4.0,4.38,6.898,6.838,0.7423223164668031,0.7358654682516671,100,3.13.13,macOS-26.6.1-arm64-arm-64bit-Mach-O
100,14,7014,500,high,proposed,0.0008649590017739683,2.2212570830015466,2.214782,4.442514166003093,4.429564,145.4375,4.0,4.26,6.954,6.908,0.7319050376375217,0.727063560540696,100,3.13.13,macOS-26.6.1-arm64-arm-64bit-Mach-O
100,15,7015,500,high,proposed,0.0008981669961940497,2.1821092089958256,2.18009,4.364218417991651,4.36018,146.171875,4.0,4.22,7.04,6.998,0.7333523863961132,0.7289772727272728,100,3.13.13,macOS-26.6.1-arm64-arm-64bit-Mach-O
100,16,7016,500,high,proposed,0.0009314579947385937,2.1476470829948084,2.1457070000000003,4.295294165989617,4.2914140000000005,145.140625,4.0,4.26,6.94,6.914,0.7451547584610935,0.7423631123919309,100,3.13.13,macOS-26.6.1-arm64-arm-64bit-Mach-O
100,17,7017,500,high,proposed,0.000861249995068647,2.2031050829973537,2.197639,4.4062101659947075,4.395278,145.1875,4.0,4.44,7.056,6.994,0.7300543322848155,0.7236394557823129,100,3.13.13,macOS-26.6.1-arm64-arm-64bit-Mach-O
100,18,7018,500,high,proposed,0.0008818339993013069,2.1378935419925256,2.13571,4.275787083985051,4.27142,145.71875,4.0,4.46,6.986,6.938,0.7368117613144999,0.7317492127111366,100,3.13.13,macOS-26.6.1-arm64-arm-64bit-Mach-O
100,19,7019,500,high,proposed,0.0008960420091170818,2.171758458003751,2.167437,4.343516916007502,4.334874,145.578125,4.0,4.66,6.968,6.922,0.7414042184339786,0.7365097588978186,100,3.13.13,macOS-26.6.1-arm64-arm-64bit-Mach-O
200,0,7000,500,high,proposed,0.0014688750088680536,4.3701767080056015,4.3057240000000006,8.740353416011203,8.611448000000001,146.5625,4.0,4.38,7.046,7.042,0.738994603805737,0.7385750780584729,200,3.13.13,macOS-26.6.1-arm64-arm-64bit-Mach-O
200,1,7001,500,high,proposed,0.001520249992609024,4.72733262499969,4.687977,9.45466524999938,9.375954,147.640625,4.0,4.53,7.01,7.0,0.7317142857142858,0.7306704707560627,200,3.13.13,macOS-26.6.1-arm64-arm-64bit-Mach-O
200,2,7002,500,high,proposed,0.0016447499947389588,4.655116166002699,4.617105,9.310232332005398,9.23421,147.53125,4.0,4.6,7.016,7.006,0.7387953182986012,0.7377423033067275,200,3.13.13,macOS-26.6.1-arm64-arm-64bit-Mach-O
200,3,7003,500,high,proposed,0.0014122909924481064,4.112645582994446,4.108508,8.225291165988892,8.217016,145.5,4.0,4.39,7.074,7.058,0.749220742419949,0.7475261521063048,200,3.13.13,macOS-26.6.1-arm64-arm-64bit-Mach-O
200,4,7004,500,high,proposed,0.0014102500135777518,4.1617536249978,4.14864,8.3235072499956,8.29728,147.140625,4.0,4.46,7.028,7.018,0.7249928754630949,0.723961297666477,200,3.13.13,macOS-26.6.1-arm64-arm-64bit-Mach-O
200,5,7005,500,high,proposed,0.0014527500024996698,4.170975874993019,4.166402,8.341951749986038,8.332804,147.34375,4.0,4.6,6.974,6.964,0.741240666283745,0.740177803269286,200,3.13.13,macOS-26.6.1-arm64-arm-64bit-Mach-O
200,6,7006,500,high,proposed,0.001568333012983203,4.07761829199444,4.07382,8.15523658398888,8.14764,147.03125,4.0,4.33,6.942,6.928,0.7318129330254042,0.7303370786516854,200,3.13.13,macOS-26.6.1-arm64-arm-64bit-Mach-O
200,7,7007,500,high,proposed,0.001445000001695007,4.113902333003352,4.110341,8.227804666006705,8.220682,146.796875,4.0,4.43,7.02,7.014,0.7359566581123468,0.7353276353276353,200,3.13.13,macOS-26.6.1-arm64-arm-64bit-Mach-O
200,8,7008,500,high,proposed,0.0014503749989671633,4.081802583998069,4.075279,8.163605167996138,8.150558,146.265625,4.0,4.4,7.03,7.03,0.7431009957325747,0.7431009957325747,200,3.13.13,macOS-26.6.1-arm64-arm-64bit-Mach-O
200,9,7009,500,high,proposed,0.0014175419928506017,4.040691415997571,4.037246,8.081382831995143,8.074492,145.703125,4.0,4.37,6.95,6.942,0.7476231633535004,0.7467625899280576,200,3.13.13,macOS-26.6.1-arm64-arm-64bit-Mach-O
200,10,7010,500,high,proposed,0.0014370840071933344,4.195031082999776,4.171670000000001,8.390062165999552,8.343340000000001,147.28125,4.0,4.38,7.0,6.996,0.7469982847341338,0.7465714285714286,200,3.13.13,macOS-26.6.1-arm64-arm-64bit-Mach-O
200,11,7011,500,high,proposed,0.0014336250023916364,4.209525124999345,4.197691000000001,8.41905024999869,8.395382000000001,147.09375,4.0,4.44,6.954,6.938,0.7255693283366964,0.7238999137187231,200,3.13.13,macOS-26.6.1-arm64-arm-64bit-Mach-O
200,12,7012,500,high,proposed,0.0015195830055745319,4.1285855419992,4.121812,8.2571710839984,8.243624,146.53125,4.0,4.41,6.998,6.986,0.7300314915545376,0.7287796513289512,200,3.13.13,macOS-26.6.1-arm64-arm-64bit-Mach-O
200,13,7013,500,high,proposed,0.0014202500024111941,4.173976500009303,4.16655,8.347953000018606,8.3331,146.921875,4.0,4.49,6.994,6.99,0.7170243204577968,0.7166142407778096,200,3.13.13,macOS-26.6.1-arm64-arm-64bit-Mach-O
200,14,7014,500,high,proposed,0.0015207089891191572,4.171554165994166,4.16479,8.343108331988333,8.32958,147.125,4.0,4.43,7.062,7.056,0.7423469387755102,0.7417162276975361,200,3.13.13,macOS-26.6.1-arm64-arm-64bit-Mach-O
200,15,7015,500,high,proposed,0.0014061670080991462,4.118587790988386,4.11268,8.237175581976771,8.22536,146.359375,4.0,4.39,6.964,6.948,0.7230857800805988,0.7214244686961516,200,3.13.13,macOS-26.6.1-arm64-arm-64bit-Mach-O
200,16,7016,500,high,proposed,0.0014174159878166392,4.08544945900212,4.080681,8.17089891800424,8.161362,146.359375,4.0,4.58,6.984,6.974,0.7410381416690565,0.7399770904925544,200,3.13.13,macOS-26.6.1-arm64-arm-64bit-Mach-O
200,17,7017,500,high,proposed,0.0014953339996282011,4.0720799999980954,4.067286,8.144159999996191,8.134572,145.421875,4.0,4.33,7.038,7.03,0.7433854907539118,0.742540494458653,200,3.13.13,macOS-26.6.1-arm64-arm-64bit-Mach-O
200,18,7018,500,high,proposed,0.0014041670074220747,4.15197641600389,4.146624,8.30395283200778,8.293248,146.09375,4.0,4.43,6.994,6.988,0.7309673726388094,0.7303402916785816,200,3.13.13,macOS-26.6.1-arm64-arm-64bit-Mach-O
200,19,7019,500,high,proposed,0.0014580410061171278,4.04710820899345,4.041887,8.0942164179869,8.083774,147.421875,4.0,4.56,6.944,6.932,0.7351413733410271,0.7338709677419355,200,3.13.13,macOS-26.6.1-arm64-arm-64bit-Mach-O
400,0,7000,500,high,proposed,0.0034902080078609288,9.51868924999144,9.508179,19.03737849998288,19.016358,146.828125,4.0,4.45,6.972,6.972,0.7286288009179576,0.7286288009179576,400,3.13.13,macOS-26.6.1-arm64-arm-64bit-Mach-O
400,1,7001,500,high,proposed,0.0034565000096336007,9.630283624996082,9.608922,19.260567249992164,19.217844,148.21875,4.0,4.465,6.99,6.988,0.7447052089295936,0.7444921316165951,400,3.13.13,macOS-26.6.1-arm64-arm-64bit-Mach-O
400,2,7002,500,high,proposed,0.0035896250046789646,9.746420167008182,9.729669999999999,19.492840334016364,19.459339999999997,147.578125,4.0,4.44,7.024,7.024,0.7423120728929385,0.7423120728929385,400,3.13.13,macOS-26.6.1-arm64-arm-64bit-Mach-O
400,3,7003,500,high,proposed,0.003515417003654875,11.045093374996213,11.028732999999999,22.090186749992426,22.057465999999998,148.421875,4.0,4.525,6.98,6.978,0.7354542848953854,0.735243553008596,400,3.13.13,macOS-26.6.1-arm64-arm-64bit-Mach-O
400,4,7004,500,high,proposed,0.004070499999215826,11.12048374999722,11.100006,22.24096749999444,22.200012,148.125,4.0,4.445,6.972,6.958,0.7309571716010348,0.7294893861158921,400,3.13.13,macOS-26.6.1-arm64-arm-64bit-Mach-O
400,5,7005,500,high,proposed,0.0036490000056801364,10.729582957996172,10.705431,21.459165915992344,21.410862,147.6875,4.0,4.375,6.972,6.968,0.7416762342135477,0.7412507171543317,400,3.13.13,macOS-26.6.1-arm64-arm-64bit-Mach-O
400,6,7006,500,high,proposed,0.0036273750010877848,10.591395666997414,10.571395,21.182791333994828,21.14279,148.328125,4.0,4.525,7.044,7.042,0.7310423175234309,0.7308347529812607,400,3.13.13,macOS-26.6.1-arm64-arm-64bit-Mach-O
400,7,7007,500,high,proposed,0.003811541013419628,10.867158583001583,10.840822000000001,21.734317166003166,21.681644000000002,147.546875,4.0,4.495,7.02,7.014,0.7465069860279441,0.7458689458689459,400,3.13.13,macOS-26.6.1-arm64-arm-64bit-Mach-O
400,8,7008,500,high,proposed,0.0036400829994818196,11.014284167002188,10.980885,22.028568334004376,21.96177,148.515625,4.0,4.405,6.956,6.948,0.7299942429476108,0.7291546866014951,400,3.13.13,macOS-26.6.1-arm64-arm-64bit-Mach-O
400,9,7009,500,high,proposed,0.0036770419974345714,10.562773792000371,10.543972,21.125547584000742,21.087944,148.15625,4.0,4.545,6.922,6.918,0.753686036426713,0.7532505056342098,400,3.13.13,macOS-26.6.1-arm64-arm-64bit-Mach-O
400,10,7010,500,high,proposed,0.0034700420073932037,10.617702832998475,10.592021,21.23540566599695,21.184042,147.375,4.0,4.555,7.014,7.012,0.7335995436394752,0.7333903621328771,400,3.13.13,macOS-26.6.1-arm64-arm-64bit-Mach-O
400,11,7011,500,high,proposed,0.003809125002590008,10.285462249987177,10.269885,20.570924499974353,20.53977,148.546875,4.0,4.51,6.98,6.98,0.7452722063037249,0.7452722063037249,400,3.13.13,macOS-26.6.1-arm64-arm-64bit-Mach-O
400,12,7012,500,high,proposed,0.0036355420015752316,10.2663200829993,10.256182,20.5326401659986,20.512364,147.25,4.0,4.525,6.976,6.97,0.7256814921090388,0.7250573394495413,400,3.13.13,macOS-26.6.1-arm64-arm-64bit-Mach-O
400,13,7013,500,high,proposed,0.0037052919942652807,10.30940283399832,10.299666,20.61880566799664,20.599332,148.609375,4.0,4.415,7.074,7.072,0.7256787330316742,0.7254735651682217,400,3.13.13,macOS-26.6.1-arm64-arm-64bit-Mach-O
400,14,7014,500,high,proposed,0.0035880829964298755,10.758794291992672,10.738430999999999,21.517588583985344,21.476861999999997,147.40625,4.0,4.37,7.026,7.026,0.7364076288072873,0.7364076288072873,400,3.13.13,macOS-26.6.1-arm64-arm-64bit-Mach-O
400,15,7015,500,high,proposed,0.0037252500042086467,11.73373375000665,11.709762,23.4674675000133,23.419524,147.375,4.0,4.56,7.03,7.024,0.7374715261958997,0.7368421052631579,400,3.13.13,macOS-26.6.1-arm64-arm-64bit-Mach-O
400,16,7016,500,high,proposed,0.00415337500453461,12.12091495799541,12.109969999999999,24.24182991599082,24.219939999999998,147.65625,4.0,4.425,6.996,6.996,0.7384219554030875,0.7384219554030875,400,3.13.13,macOS-26.6.1-arm64-arm-64bit-Mach-O
400,17,7017,500,high,proposed,0.004147166997427121,12.610549916993477,12.59976,25.221099833986955,25.19952,147.65625,4.0,4.485,7.03,7.024,0.7474373576309795,0.7467994310099573,400,3.13.13,macOS-26.6.1-arm64-arm-64bit-Mach-O
400,18,7018,500,high,proposed,0.0038242500013438985,13.177624332995038,13.140929999999999,26.355248665990075,26.281859999999998,148.1875,4.0,4.405,6.936,6.932,0.7331217541834968,0.7326989619377162,400,3.13.13,macOS-26.6.1-arm64-arm-64bit-Mach-O
400,19,7019,500,high,proposed,0.0047740840091137215,14.065901791997021,14.052778,28.131803583994042,28.105556,146.703125,4.0,4.425,7.012,7.01,0.722111269614836,0.721905305191101,400,3.13.13,macOS-26.6.1-arm64-arm-64bit-Mach-O
